1711390822,Calibration,48,61,998882,1628384,222937,189307,31850,34907
1711390823,Calibration,48,61,1878311,473947,8388,51223,33702,12607
1711390824,Calibration,48,61,1394520,1766156,226295,119215,45099,49958
1711390825,Calibration,48,61,602640,710312,100605,264822,133672,34143
1711390826,Calibration,48,61,404686,1230520,193355,778154,45814,44114
1711390827,Calibration,48,61,1140445,1013486,235384,66320,57862,78400
1711390828,Calibration,48,61,575044,744411,82313,81196,103791,65778
1711390829,Meditation,48,61,736023,291730,544229,159367,122335,53329
1711390830,Meditation,48,61,695764,625672,94347,345788,162155,104899
1711390831,Meditation,48,61,681745,435973,28298,55677,15066,14387
1711390832,Meditation,48,61,1033203,897406,348372,16110,109710,105271
1711390833,Meditation,48,61,131049,138659,40012,65642,13971,17537
1711390834,Meditation,48,61,1552689,257506,404959,64986,70633,72092
1711390835,Meditation,48,61,321188,384198,27098,93823,10075,32422
1711390836,Meditation,48,61,822463,251054,31105,43886,5142,17042
1711390837,Meditation,48,61,2165994,311563,263301,102841,175445,46660
1711390838,Meditation,48,61,648279,166271,599777,127033,98557,97754
1711390839,Meditation,48,61,1414070,574029,56423,238886,32828,65291
1711390840,Meditation,43,80,412108,303587,253600,221955,69598,19390
1711390841,Meditation,43,80,1265946,789849,39198,178136,75971,50074
1711390842,Meditation,43,80,433696,97769,56339,14029,62457,9328
1711390843,Meditation,43,80,530825,1042956,294311,260371,18410,42936
1711390844,Meditation,56,70,393752,627683,148389,45836,125037,62410
1711390845,Meditation,56,70,739146,1342713,177530,98817,74478,47361
1711390846,Meditation,56,70,1422122,849395,123170,143780,49522,52669
1711390847,Meditation,56,70,281909,244615,9461,23676,18455,21627
1711390848,Meditation,56,70,756439,506055,347664,213049,75350,59252
1711390849,Meditation,56,70,305423,885146,128870,192450,87567,264172
1711390850,Meditation,56,70,565652,1138544,81269,116109,63099,65114
1711390851,Meditation,56,70,614429,42190,70906,43964,15183,12321
1711390852,Meditation,56,70,912755,663424,291309,122050,96163,43047
1711390853,Meditation,56,70,1544226,843614,8136,306692,34086,100751
1711390854,Meditation,56,70,1316154,228241,51795,82248,9597,6910
1711390855,Meditation,56,70,80775,163489,39357,47279,22282,44329
1711390856,Meditation,56,70,367200,100880,22278,62971,44117,26910
1711390857,Meditation,56,70,582056,615816,367018,171136,40065,64625
1711390858,Meditation,56,70,225489,153925,34511,150290,20323,13677
1711390859,Meditation,56,70,1078535,748994,326467,248570,65949,42145
1711390860,Meditation,56,70,1309438,200733,37594,62721,20972,20606
1711390861,Meditation,56,70,226724,516138,28575,55346,19222,21700
1711390862,Meditation,56,70,565210,1192201,178358,220331,29992,74660
1711390863,Meditation,56,70,326815,1540199,258688,235014,17015,46678
1711390864,Meditation,56,70,2057396,1113696,305928,142845,93450,124785
1711390865,Meditation,56,70,330451,363378,43030,24732,22957,25707
1711390866,Meditation,56,70,2066622,974048,301283,448376,84446,41041
1711390867,Meditation,56,70,218686,191442,14698,14717,4773,11553
1711390868,Meditation,56,70,230960,910138,53364,170286,16576,50812
1711390869,Meditation,56,70,1096007,869935,113092,339567,62694,24377
1711390870,Meditation,56,70,1054128,1559558,523867,628305,48347,55183
1711390871,Meditation,56,70,165218,354265,58334,69757,14916,10678
1711390872,Meditation,56,70,1642560,597360,38533,151795,43099,85460
1711390873,Meditation,56,70,730637,296473,47529,51251,19747,15307
1711390874,Meditation,56,70,1705138,777206,119193,136620,155189,70887
1711390875,Meditation,56,70,894164,636283,55763,239572,45967,43810
1711390876,Calibration,47,75,540978,699802,615120,135010,53262,32273
1711390877,Calibration,47,75,682579,93270,93296,14358,7563,18648
1711390878,Calibration,47,75,734720,697049,144503,149607,69031,100579
1711390954,Calibration,48,78,306789,1160859,86415,261598,58109,60563
1711390954,Calibration,48,78,257431,799543,334632,184669,82880,90306
1711390955,Calibration,48,78,65190,242020,22269,88088,51413,25692
1711390956,Calibration,48,78,128160,187578,54465,152306,8621,15394
1711390957,Calibration,48,78,590338,108691,153446,44053,94225,27882
1711390958,Calibration,48,78,491958,1194474,211462,421366,58993,53786
1711390959,Memory1,48,78,947324,754577,232403,118302,126684,79489
1711390960,Memory1,48,78,462937,2059112,112763,207812,390425,70404
1711390961,Memory1,48,78,108481,142113,9736,217216,6053,17817
1711390962,Memory1,48,78,2076852,1179655,1082709,207112,141720,79725
1711390963,Memory1,48,78,1811037,783363,40033,75773,171152,45663
1711390964,Memory1,48,78,742857,1030328,66210,292134,126127,100273
1711390965,Memory1,48,78,325811,1030558,295830,584285,71248,95737
1711390966,Memory1,48,78,1625168,851708,137352,646960,179173,47330
1711390967,Memory1,48,78,1072425,159096,186137,551841,353456,118885
1711390968,Memory1,48,78,188748,560450,91486,34224,36654,26946
1711390969,Memory1,48,78,1445769,1896457,150496,173061,66137,75978
1711390970,Memory1,48,78,857381,534540,343087,263735,68350,203926
1711390971,Memory1,48,78,760351,112492,127667,85850,21548,41223
1711390972,Memory1,48,78,1067661,1946524,495237,640910,104392,148808
1711390973,Memory1,48,78,1190521,596065,713588,350031,175054,83562
1711390974,Memory1,48,78,788120,171412,128147,49925,21338,43962
1711390975,Memory1,48,78,1388995,862873,79438,436858,61420,145917
1711390976,Memory1,48,78,489768,526828,19313,43250,23829,71728
1711390977,Memory1,48,78,1182810,1845622,730865,470084,221005,177199
1711390978,Memory1,48,78,802801,430130,24692,111013,21137,11638
1711390979,Memory1,48,78,418507,1531986,682322,199500,76276,79115
1711390980,Memory1,48,78,649735,459656,293649,371974,366756,127796
1711390981,Memory1,48,78,822664,514818,670179,185324,159087,159858
1711390982,Memory1,48,78,2329875,1196596,115894,205405,65077,158056
1711390983,Memory1,48,78,1113189,723281,444155,456886,138609,105561
1711390984,Memory1,48,78,1945545,1272779,211439,273402,45931,82204
1711390985,Memory1,48,78,647564,633265,156558,125662,60384,62520
1711390986,Memory1,48,78,131532,581403,94779,43176,47193,29126
1711390987,Memory1,48,78,1515283,1293058,384647,292269,334281,148413
1711390988,Memory1,48,78,25882,24497,17679,21552,11734,17528
1711390989,Memory1,48,78,867589,1313475,208948,309605,20545,125859
1711390990,Memory1,48,78,1179030,1287810,92914,458990,14528,34765
1711390991,Memory1,48,78,124636,457742,5552,94885,51945,32897
1711390992,Memory1,48,78,855151,1545385,170835,364243,70088,124792
1711390993,Memory1,48,78,568940,240207,56617,63698,45006,38183
1711390994,Memory1,48,78,65009,319853,276401,34548,19145,18508
1711390995,Memory1,48,78,1903197,776782,63142,125209,110464,37197
1711390996,Memory1,48,78,1491872,1616497,265074,73457,39080,57791
1711390997,Memory1,48,78,184681,108493,48390,63696,10175,7699
1711390998,Memory1,48,78,320702,122332,13508,59494,18026,21417
1711390999,Memory1,48,78,350233,1330651,44346,347150,91875,61731
1711391000,Memory1,48,78,297690,99476,114722,23047,11462,5693
1711391001,Memory1,48,78,1297747,707870,87579,43303,13023,16165
1711391002,Memory1,57,60,1559628,665927,76701,106986,155499,52979
1711391003,Memory1,60,64,1575769,861360,151288,326445,248552,128061
1711391004,Memory1,64,60,1030985,1557829,1008578,280707,306199,105230
1711391005,Memory1,63,64,205359,665695,71988,243698,49019,47451
1711391006,Memory1,60,64,405675,689152,66730,84045,27059,37184
1711391007,Memory1,60,69,1327866,333116,249988,38158,60996,59140
1711391008,Memory1,74,66,50720,67845,7605,27612,10844,12799
1711391009,Memory1,78,66,196680,75724,25287,20760,15731,8907
1711391010,Memory1,78,74,1215367,343870,16981,136913,58052,22896
1711391011,Memory1,80,64,729935,228556,65739,13366,6285,39987
1711391012,Memory1,64,67,679674,492239,214357,85163,42192,24193
1711391013,Memory1,64,67,590760,56293,30860,41822,14648,13983
1711391014,Memory1,64,67,603221,646568,95455,673282,85155,133946
1711391015,Memory1,64,67,1571585,669279,231517,765291,62398,75969
1711391016,Memory1,64,67,977816,1342357,495805,579027,49741,203251
1711391017,Memory1,64,67,1622941,2573458,218762,750902,300379,232059
1711391018,Memory1,64,67,463148,767263,32455,175126,96705,53378
1711391019,Memory1,64,67,240638,530164,71614,114451,32910,67635
1711391020,Memory1,64,67,1978982,827462,249870,322975,137711,105278
1711391021,Memory1,61,77,1025906,206807,196609,102820,54330,29052
1711391022,Memory1,60,78,1062544,332477,64659,151875,84286,22033
1711391023,Memory1,54,90,1454133,220914,181972,67162,57008,39429
1711391024,Memory1,66,81,586512,701344,91006,94066,59026,66518
1711391025,Memory1,66,81,1653746,1162085,153735,492891,34244,52421
1711391026,Memory1,64,78,344814,414659,294421,145798,45438,47563
1711391027,Memory1,64,78,629711,244179,138377,147652,52302,73141
1711391028,Memory1,83,93,798505,41678,178208,227069,58233,84015
1711391075,Calibration,63,67,713296,568175,216932,166863,74229,36686
1711391076,Calibration,63,67,791033,1149427,397915,66084,131886,33581
1711391077,Calibration,63,67,696064,1180584,357688,141798,41487,36309
1711391078,Calibration,63,67,1902345,515873,143407,175083,43099,57257
1711391079,Calibration,63,67,623251,270605,11913,64143,35472,10080
1711391080,Calibration,63,67,245011,71947,145249,49033,29811,35880
1711391081,Calibration,63,67,1411484,530869,15678,33574,93687,27687
1711391082,Calibration,63,67,1545208,1374761,96892,302465,50721,40476
1711391083,Calibration,63,67,439951,1301536,94240,143346,179249,35421
1711391084,Calibration,63,67,1066611,258976,279170,169713,179245,38403
1711391085,Calibration,63,67,540509,113864,128779,34284,57408,15527
1711391086,Calibration,63,67,771560,241457,43404,63418,17631,10559
1711391087,Calibration,63,67,766857,1407624,584023,350157,181276,101376
1711391088,Calibration,63,67,1242022,831938,167560,261063,217278,126130
1711391089,Calibration,63,67,286521,103814,223056,33662,11309,27844
1711391090,Calibration,63,67,1553971,1302815,324323,96436,122987,57670
1711391091,Calibration,63,67,463495,271277,70410,19608,43794,21302
1711391092,Calibration,63,67,1612675,1453522,47918,255036,148866,152183
1711391093,Calibration,63,67,503478,635214,153033,425457,339444,79371
1711391094,Calibration,63,67,887370,590047,614584,286433,155354,28371
1711391095,Calibration,63,67,322358,235622,57497,80318,9450,22535
1711391096,Calibration,63,67,361828,734071,81589,160239,120803,66572
1711391097,Calibration,63,67,8942,46262,1599,10766,12053,4553
1711391098,Calibration,63,67,762146,308662,88688,71786,11786,41818
1711391099,Calibration,63,67,74921,210006,91481,30661,37211,10219
1711391100,Calibration,63,67,928940,850492,148340,111525,194869,88564
1711391101,Calibration,63,67,524536,167080,69340,19043,50717,36896
1711391102,Calibration,63,67,992629,752250,412219,435177,72642,58516
1711391103,Calibration,63,67,512710,120320,108978,49660,23278,24214
1711391104,Calibration,63,67,47659,932364,242271,202645,182705,134087
1711391105,Calibration,63,67,303291,105239,67184,68897,47242,42651
1711391106,Calibration,63,67,1397835,583653,100073,239753,94125,127640
1711391107,Calibration,63,67,1440018,1388063,646091,228885,124442,198143
1711391108,Calibration,63,67,206041,86806,166497,84875,61158,31470
1711391109,Calibration,63,67,1169841,523195,915372,452781,97557,37473
1711391110,Memory2,63,67,960267,1348052,184381,292674,107543,170829
1711391111,Memory2,63,67,2268095,1343047,235348,297544,69092,105605
1711391112,Memory2,63,67,297822,57725,159389,52438,61201,22409
1711391113,Memory2,63,67,606137,2286994,225659,337425,212117,77764
1711391114,Memory2,63,67,876029,998670,669743,157161,251794,57521
1711391115,Memory2,63,67,899526,271006,16134,72464,74776,27545
1711391116,Memory2,63,67,524475,85052,184692,99935,55233,47113
1711391117,Memory2,63,67,715189,169400,16358,61820,45307,24688
1711391118,Memory2,63,67,1311095,1451354,78406,286912,382014,105795
1711391119,Memory2,63,67,505325,192040,12424,52568,15499,58900
1711391120,Memory2,63,67,868083,1089800,558505,177231,163233,192122
1711391121,Memory2,63,67,887590,2716078,46436,107625,57321,76554
1711391122,Memory2,63,67,774855,1367883,587034,158682,58309,43363
1711391123,Memory2,63,67,1446121,1493438,181848,140620,59719,82491
1711391124,Memory2,63,67,844704,1491646,242082,238446,90202,68568
1711391125,Memory2,63,67,313039,103886,149154,65720,20176,31924
1711391126,Memory2,63,67,591345,1457093,201110,415947,10917,202312
1711391127,Memory2,63,67,696476,1285786,646080,776000,93003,93662
1711391128,Memory2,63,67,231636,266715,38368,121891,21435,13741
1711391129,Memory2,63,67,1055871,1220200,103933,663677,117228,82500
1711391130,Memory2,63,67,445200,312213,42528,106085,27465,20327
1711391131,Memory2,63,67,1339751,828973,648300,384133,47976,84457
1711391132,Memory2,63,67,1633726,844921,374637,934969,197052,179870
1711391133,Memory2,63,67,846083,1213270,468958,684173,305260,225539
1711391134,Memory2,63,67,669088,192725,101132,57006,29110,21349
1711391135,Memory2,63,67,1125392,341310,597335,121518,242432,311885
1711391136,Memory2,63,67,718917,1874410,71383,200958,67026,88214
1711391137,Memory2,63,67,1602174,614072,236246,297818,74164,29871
1711391138,Memory2,63,67,614650,193723,12356,31934,19201,18635
1711391139,Memory2,63,67,202263,494459,54438,60748,18081,61551
1711391140,Memory2,63,67,514597,300814,48805,99408,50959,67687
1711391141,Calibration,63,67,661205,868527,45879,238237,111187,153082
1711391142,Calibration,63,67,429353,421055,49274,31722,51777,60197
1711391143,Calibration,63,67,413119,230943,10798,101049,53764,28119
1711391254,Calibration,47,66,197080,800467,68476,119591,78382,58694
1711391255,Calibration,47,66,238075,463762,95395,155864,65552,43375
1711391256,Calibration,47,66,400512,1126228,405929,302119,573050,250410
1711391257,Calibration,47,66,601741,336898,249938,165946,52772,81655
1711391258,Calibration,47,66,181645,280005,64224,171597,44613,25609
1711391259,Calibration,47,66,324265,1002511,44707,153348,39021,32242
1711391260,Calibration,47,66,993495,2187368,447546,1654197,180045,277295
1711391261,Calibration,47,66,93165,2122756,846897,762243,147102,339429
1711391262,UP,47,66,106492,284153,19536,79061,24477,68595
1711391263,UP,47,66,1282946,1504550,486602,333284,292385,374520
1711391264,UP,47,66,292250,344494,70711,417103,83360,83277
1711391265,UP,47,66,841915,1138227,334327,432358,206514,176335
1711391266,UP,47,66,777789,1783634,428847,731026,241197,417785
1711391267,UP,47,66,645611,1191417,283667,700849,139077,187583
1711391268,UP,47,66,274477,1200653,390840,496431,130780,149917
1711391269,UP,47,66,739936,405348,37279,213976,103587,39829
1711391270,UP,47,66,669953,948148,682017,359303,318097,533838
1711391271,UP,47,66,1285008,600770,1240816,723990,260937,395855
1711391272,UP,47,66,1136129,867388,145629,397314,279081,154798
1711391273,UP,47,66,301750,246018,66221,103465,116578,91126
1711391274,UP,47,66,1924846,1469623,420484,355126,120109,195833
1711391275,UP,47,66,210881,638268,76339,67469,21047,40373
1711391276,UP,47,66,811073,1478424,207218,688494,396544,224418
1711391277,UP,47,66,450710,269527,52004,74450,93718,41594
1711391278,UP,47,66,1243509,1831643,342855,375132,330287,221893
1711391279,UP,47,66,491855,1958971,833161,553005,360109,277828
1711391280,UP,47,66,1595064,490082,35896,142718,128379,59990
1711391281,UP,47,66,330043,1178288,89362,97454,56331,42038
1711391282,UP,47,66,477337,622186,43790,186714,77002,52798
1711391283,UP,47,66,40290,724287,10184,137163,36070,48617
1711391284,UP,47,66,1216100,2220642,761702,235780,223294,286315
1711391285,UP,47,66,105063,261977,44726,103937,39794,29410
1711391286,UP,47,66,1222135,1508544,265876,502219,221321,219871
1711391287,UP,47,66,410517,2424767,193704,563269,188127,201277
1711391288,DOWN,47,66,561379,319373,108583,11064,86509,48192
1711391289,DOWN,47,66,391448,373227,116730,39356,73637,89625
1711391290,DOWN,47,66,760733,555824,54911,112283,91430,39168
1711391291,DOWN,47,66,159945,372741,120610,147738,69658,38048
1711391292,DOWN,47,66,1715049,1686417,79885,347195,161923,373928
1711391293,DOWN,47,66,681401,304720,133669,16606,97407,102971
1711391294,UP,47,66,783126,332801,103527,109972,77648,68308
1711391295,UP,47,66,451705,2388459,694489,412855,381819,545691
1711391296,UP,47,66,1063712,450755,53721,109026,61255,63720
1711391297,UP,47,66,1109385,1243780,91767,977657,163384,143608
1711391298,UP,47,66,466611,407991,282943,140255,111643,59364
1711391299,UP,47,66,1170603,1046613,228576,189993,142095,206065
1711391300,UP,47,66,485456,106222,90929,271712,131222,138840
1711391301,UP,47,66,302975,557021,57549,69346,78300,81768
1711391302,UP,47,66,228826,719687,125595,132484,64496,55777
1711391303,UP,47,66,306671,1261336,181198,176393,72172,109456
1711391304,UP,47,66,1935487,2148638,404771,200032,303278,388277
1711391305,UP,47,66,2000186,1747756,173590,181133,612457,194114
1711391306,UP,47,66,167419,310695,158969,94279,31878,58303
1711391307,UP,47,66,893806,592114,817286,198458,225244,293875
1711391308,UP,47,66,681615,2019507,63623,256050,302246,402542
1711391309,UP,47,66,180948,340287,56421,88507,50667,84499
1711391310,UP,47,66,1599605,1480530,176747,666244,353267,248898
1711391311,UP,47,66,540132,512155,135815,856422,215016,124256
1711391312,UP,47,66,549679,481626,82535,138328,62503,111773
1711391313,UP,47,66,764628,290680,136181,65308,32736,54088
1711391314,UP,47,66,225356,198920,141932,236234,115776,55507
1711391315,UP,47,66,279428,838623,112534,32920,71549,58468
1711391316,DOWN,47,66,1393852,1521391,314723,591253,143179,173468
1711391317,DOWN,47,66,110963,676507,140093,66887,46665,42137
1711391318,DOWN,47,66,22775,84044,43700,13521,9990,13194
1711391319,DOWN,47,66,327650,209042,324254,87470,104027,41837
1711391320,DOWN,47,66,1321614,561449,55195,106227,185790,76475
1711391399,Calibration,47,66,679285,1809711,291814,536269,94100,28519
1711391400,Calibration,47,66,972718,1817854,303144,224972,53706,57657
1711391401,Calibration,47,66,1557920,933659,156933,141186,88263,74828
1711391402,Calibration,47,66,356382,151600,54102,75884,15985,10244
1711391403,Segundito,47,66,689804,1212420,38384,258540,78458,26926
1711391404,Segundito,47,66,228599,116353,139379,62700,42022,41413
1711391405,Segundito,47,66,219639,469348,305381,310677,138946,64468
1711391406,Segundito,47,66,509689,931405,415097,171229,121123,23243
1711391407,Segundito,47,66,74854,252361,8445,219892,24374,22600
1711391408,Segundito,47,66,153636,317078,45009,40275,8368,23836
1711391409,Segundito,47,66,1002001,274485,571089,344780,69112,85709
1711391410,Segundito,47,66,596355,792221,230876,464469,124278,79699
1711391411,Segundito,47,66,1131745,1678308,397597,60445,136124,48868
1711391412,Segundito,47,66,357922,163452,139933,151978,9906,24738
1711391413,Segundito,47,66,61308,292183,49028,20484,60215,9629
1711391414,Segundito,47,66,1099173,664307,1346552,87652,48502,36264
1711391415,Segundito,47,66,581640,1941735,238447,267696,53821,43140
1711391416,Segundito,47,66,325714,1079119,34843,304073,146754,47494
1711391417,Segundito,47,66,838342,1159951,316675,94700,66959,48124
1711391418,Segundito,47,66,299246,1268274,700883,187767,163415,75210
1711391419,Segundito,47,66,670848,2185138,139611,104235,38407,66587
1711391420,Segundito,47,66,1062121,1295813,557729,313183,29301,39164
1711391421,Segundito,47,66,520338,681726,153379,262949,76636,39595
1711391421,Segundito,47,66,319336,580809,155628,262400,203948,43600
1711391422,Segundito,47,66,170258,1091437,102910,133230,109097,76380
1711391423,Segundito,47,66,549388,817507,550552,74819,63521,65130
1711391424,Segundito,47,66,37282,39439,10427,3632,6472,10698
1711391425,Segundito,47,66,347218,1056612,230939,191038,174442,107660
1711391426,Segundito,47,66,1960057,750069,665437,379652,138030,72351
1711391427,Segundito,47,66,402696,147254,59675,53846,46747,17915
1711391428,Segundito,47,66,1520439,1142532,91767,97479,95886,39914
1711391429,Segundito,47,66,560693,593777,203512,235137,92422,50583
1711391430,Segundito,47,66,1453289,770904,201148,210190,73167,17649
1711391431,Segundito,47,66,247543,562457,60066,8558,57095,16191
1711391432,Segundito,47,66,564732,1554906,482013,133005,51942,67909
1711391433,Segundito,47,66,527777,1423439,134931,76006,88669,179158
1711391434,Segundito,47,66,563757,993778,817100,151374,79085,34416
1711391435,Segundito,47,66,673570,1376148,177949,175950,78923,72439
1711391436,Segundito,47,66,1482673,1168078,112402,250865,148396,36828
1711391437,Segundito,47,66,499232,520072,453580,206013,207602,62101
1711391438,Segundito,47,66,513713,445323,99988,125493,7899,6994
1711391439,Segundito,47,66,392353,1028998,152678,410052,142267,49405
1711391440,Segundito,47,66,849699,179780,43182,88169,14784,14252
1711391441,Segundito,47,66,1370417,708874,167815,202712,133897,66846
1711391442,Segundito,47,66,1647539,1114685,325763,412493,101064,40525
1711391443,Segundito,47,66,553643,1163715,133514,280106,110012,101931
1711391444,Segundito,47,66,513577,1157496,165753,128592,225877,74747
1711391445,Segundito,47,66,1379211,976330,79219,206627,207687,108738
1711391446,Segundito,47,66,1496727,726534,256775,200128,147950,65319
1711391447,Segundito,47,66,510531,957275,228857,82585,209925,68994
1711391448,Segundito,47,66,403094,314778,38024,60195,18097,29343
1711391449,Segundito,47,66,667111,1219472,48962,299568,37283,70653
1711391450,Segundito,47,66,785217,1194408,99293,98977,71325,44291
1711391451,Segundito,47,66,1201826,1007612,134571,344554,212923,48483
1711391452,Segundito,47,66,551320,109641,44011,37780,78885,19375
1711391453,Segundito,47,66,539466,1207135,116107,563194,38622,79086
1711391454,Segundito,47,66,183784,1559108,169258,384967,109920,73123
1711391455,Segundito,47,66,615079,1271811,422431,537542,42509,83813
1711391456,Segundito,47,66,206607,405031,32776,65563,49113,11368
1711391457,Segundito,47,66,546122,436761,130954,16029,56879,42932
1711391458,Segundito,47,66,494422,940953,301226,361103,66199,69026
1711391459,Segundito,47,66,953624,1903384,48707,387780,102970,75434
1711391460,Segundito,47,66,630364,756255,79174,81537,34566,31236
1711391461,Segundito,47,66,666263,1351100,128143,43798,93121,53161
1711391462,Segundito,47,66,2082347,666625,460026,155826,104473,67470
1711391463,Segundito,47,66,47543,296457,115883,69782,20424,67391
1711391464,Segundito,47,66,774943,261678,64437,30874,19262,17268
1711391465,Segundito,47,66,41313,76227,28252,9794,9230,7235
1711391466,Segundito,47,66,110516,1730944,163766,264182,79930,31650
1711391467,Segundito,47,66,877323,1125991,353069,99550,97695,49200
1711391468,Segundito,47,66,870786,1035029,243325,177536,55976,49056
1711391469,Segundito,47,66,1725034,1178094,428140,336104,170264,91155
1711391470,Segundito,47,66,620109,793886,46829,277020,54086,72298
1711391471,Segundito,47,66,476520,564926,204111,235570,140938,37430
1711391472,Segundito,47,66,547600,1212594,220527,158077,131901,39171
1711391473,Segundito,47,66,354387,1135729,445153,40417,91966,107778
1711391474,Segundito,47,66,1921413,984379,761476,200574,168682,190265
1711391475,Segundito,47,66,1017275,461982,59856,51178,23651,20943
1711391476,Segundito,47,66,404253,1477605,209491,213364,132386,157024
1711391477,Segundito,47,66,573511,203621,65984,96200,27194,26162
1711391478,Segundito,47,66,174459,162170,7435,25930,55114,19100
1711391479,Segundito,47,66,284137,2020569,256922,177416,84996,56091
1711391480,Segundito,47,66,854764,590563,355218,122500,132304,72439
1711391481,Segundito,47,66,747202,1690221,502042,226434,136336,71321
1711391482,Calibration,47,66,287342,104965,148477,36965,23064,15347
1711391483,Calibration,47,66,320249,349085,140366,73528,19272,51327
1711391484,Calibration,47,66,524041,666884,179789,169259,223417,86504
1711391485,Calibration,47,66,315049,443116,63456,43000,44368,21148
1711391486,Calibration,47,66,290303,205347,61401,48854,51552,55228
1711034844,Calibration,47,69,983223,22556,3885,723,2169,904
1711034845,Calibration,48,61,1462326,126552,28243,17297,1585,6515
1711034846,Calibration,61,75,528695,12900,5282,3091,1469,1293
1711034847,Calibration,53,70,973724,160111,30312,35720,15537,5329
1711034848,Meditation,44,69,110771,34045,3777,2207,1847,682
1711034849,Meditation,47,70,210868,14676,4411,2667,1137,925
1711034850,Meditation,30,50,642136,163005,7130,2839,5153,3308
1711034851,Meditation,38,34,475534,244329,7007,12079,11200,11465
1711034852,Meditation,30,21,407675,422549,16712,7216,12438,4082
1711034853,Meditation,20,16,220830,64340,13894,508,856,1476
1711034854,Meditation,21,23,772787,795249,89127,13884,35079,16832
1711034855,Meditation,27,29,510305,15270,1065,1403,1828,1385
1711034856,Meditation,43,63,874683,105060,125078,149317,15472,10246
1711034857,Meditation,51,66,937290,206436,78062,19032,13051,12666
1711034858,Meditation,60,80,1131556,75228,43288,4996,3501,4737
1711034859,Meditation,51,87,231618,26550,3738,4291,1940,1330
1711034860,Meditation,69,69,3499477,246033,33101,77305,52663,51942
1711034861,Meditation,61,54,403076,134016,5828,7110,12054,2712
1711034862,Meditation,50,48,551166,104542,30623,5979,9136,1980
1711034863,Meditation,51,57,1477159,81738,62512,4705,9189,6814
1711034864,Meditation,40,51,1674609,68164,9485,2183,1840,4479
1711034865,Meditation,54,67,1416790,36362,7308,13076,2154,3541
1711034866,Meditation,77,66,384511,21223,5261,1667,2827,2404
1711034867,Meditation,78,60,1152128,169725,56317,12367,8229,11989
1711034868,Meditation,78,60,3158778,66330,22711,3899,5001,2993
1711034869,Meditation,66,64,1545013,321059,29049,60488,37464,8565
1711034870,Meditation,38,50,672671,967589,24643,70094,9455,5077
1711034871,Meditation,35,34,2184655,701380,2446,33780,75027,41132
1711034872,Meditation,38,27,224820,78186,9165,8208,4323,5602
1711034873,Meditation,38,29,1425342,372996,82810,24088,5285,8258
1711034874,Meditation,60,48,70160,3241,2664,593,976,183
1711034875,Meditation,48,63,1570442,268578,34395,34946,28653,7267
1711034876,Meditation,41,61,1451533,112595,14156,6208,3732,4423
1711034877,Meditation,44,56,425975,125142,25642,1122,3207,3749
1711034878,Meditation,40,41,642296,63253,8535,1140,5302,1267
1711034879,Meditation,48,37,2036181,243245,19408,16397,34404,13433
1711034880,Meditation,53,40,1399928,111626,24856,9286,13792,7501
1711034881,Meditation,44,38,93602,114021,9656,9661,3676,1749
1711034882,Meditation,56,27,921919,361984,4326,13400,30591,15462
1711034883,Meditation,47,35,608466,82886,16649,7917,8410,2138
1711034884,Meditation,35,21,95872,35619,443,1627,2186,743
1711034885,Meditation,44,14,286363,42504,1620,2236,4175,1489
1711034886,Meditation,41,34,1587611,60121,8989,11233,2804,2173
1711034887,Meditation,38,27,2010684,1090287,112500,44296,60899,20073
1711034888,Calibration,53,50,269365,7673,5281,2075,1676,1016
1711034889,Calibration,50,61,183770,10104,2147,1174,1578,325
1711034890,Calibration,43,53,1370118,253570,23643,10029,6475,5025
1711034891,Calibration,53,77,1029497,38696,48189,29320,4520,4478
1711034970,nan,61,57,656036,190067,38570,8112,12441,6075
1711034971,Memory1,41,47,1555512,1084908,55304,155961,67150,24370
1711034972,Memory1,51,43,678174,144888,26505,11173,12181,10415
1711034973,Memory1,54,48,1290294,594516,125229,21343,26353,30814
1711034974,Memory1,47,43,115277,810022,75472,17404,13966,10218
1711034975,Memory1,51,48,459387,466917,99451,99030,49351,18648
1711034976,Memory1,54,51,735719,14543,4692,1055,1883,1733
1711034977,Memory1,61,64,382926,8628,8001,3559,3576,1443
1711034978,Memory1,74,66,2819080,147210,6491,16035,8970,5240
1711034979,Memory1,61,64,699701,803220,199123,52226,40437,12389
1711034980,Memory1,57,77,819081,32012,46456,5783,4396,4961
1711034981,Memory1,48,63,412711,117096,12170,15846,6938,4137
1711034982,Memory1,54,56,238740,24844,685,1041,1185,1575
1711034983,Memory1,69,57,1268212,80427,27313,2862,12929,4160
1711034984,Memory1,78,40,551698,60328,3670,9219,7772,9348
1711034985,Memory1,61,20,645465,859117,12625,9983,22870,5720
1711034986,Memory1,61,21,778212,129569,8807,4449,13157,8775
1711034987,Memory1,53,8,2543838,451059,22823,14942,11057,8702
1711034988,Memory1,38,21,1270906,129474,73233,21408,1597,7314
1711034989,Memory1,60,35,204725,88432,2382,8349,4710,5307
1711034990,Memory1,40,26,271859,1317940,32236,16752,13055,12341
1711034991,Memory1,44,29,1014531,93875,8582,1915,5193,3189
1711034992,Memory1,50,16,1855612,81443,4586,13375,21552,4734
1711034993,Memory1,43,13,916729,448624,23286,11039,5173,14185
1711034994,Memory1,63,30,263838,132675,20121,19317,4016,10837
1711034995,Memory1,60,29,174713,190012,3177,13408,15403,4495
1711034996,Memory1,66,34,2299061,493657,55270,81694,84306,53685
1711034997,Memory1,64,30,576247,375771,16489,6802,4247,9429
1711034998,Memory1,64,29,1186460,76614,9882,7300,8316,5869
1711034999,Memory1,87,37,692882,49046,2807,11373,5608,11956
1711035000,Memory1,83,41,173231,14403,3549,3571,766,1270
1711035001,Memory1,94,56,623740,47556,14944,4402,6024,5482
1711035002,Memory1,84,53,345101,610398,66476,24120,44411,16368
1711035003,Memory1,63,48,679595,267857,13941,18384,27599,7782
1711035004,Memory1,57,41,2056555,193785,21479,18696,3811,8769
1711035005,Memory1,47,35,2615793,1223072,41442,161526,50023,35160
1711035006,Memory1,60,51,1800936,132110,145564,95733,138614,29603
1711035007,Memory1,69,47,171617,59119,2302,1866,3697,3761
1711035008,Memory1,81,56,646301,12254,5540,4421,1669,2256
1711035009,Memory1,84,67,1323845,203335,82064,45179,22650,12755
1711035010,Memory1,83,54,213931,333663,17342,60279,47657,28761
1711035011,Memory1,93,74,250175,47899,15736,13800,7586,10434
1711035012,Memory1,80,74,620078,33229,22919,3662,6870,1830
1711035013,Memory1,93,70,59260,14082,4999,2867,1711,2565
1711035014,Memory1,91,80,1347163,37980,9542,11877,6702,3585
1711035015,Memory1,83,84,2393301,218170,152263,79074,59882,29454
1711035016,Memory1,80,75,452325,113976,14903,15720,6583,3458
1711035017,Memory1,61,64,1557895,449046,52788,15904,10788,11606
1711035018,Memory1,63,69,102054,43577,18920,26230,9041,6361
1711035019,Memory1,64,64,1068867,313146,82483,68231,18772,33406
1711035020,Memory1,74,64,94939,45129,5977,7445,10473,2872
1711035021,Memory1,54,63,524485,1309875,98195,75312,16240,7051
1711035022,Memory1,53,56,1594208,160457,69973,9754,25315,13858
1711035023,Memory1,41,43,1156207,218208,15452,9837,36402,7030
1711035024,Memory1,40,30,460634,109597,152,8583,4471,4534
1711035025,Memory1,53,41,209925,60099,22345,3393,6998,1400
1711035026,Memory1,38,23,946440,540815,14380,14969,15131,8200
1711035027,Memory1,53,26,832287,259766,19431,22126,27572,35378
1711035028,Memory1,50,21,703957,89441,3046,653,4910,2408
1711035029,Memory1,66,20,114820,23958,3555,5149,2873,2545
1711035030,Memory1,90,38,1326956,21000,10184,3786,11577,4261
1711035031,Memory1,90,53,797401,41310,11877,19942,3960,7742
1711035032,Memory1,97,64,775402,41093,5347,2282,1292,3065
1711035033,Memory1,91,60,1622682,370900,30114,30611,15407,16732
1711035034,Memory1,88,60,1137202,88621,42095,3752,14458,12360
1711035035,Memory1,83,57,999474,135289,28600,82963,32848,16780
1711035036,Memory1,75,63,3019183,828704,192566,49270,34890,35635
1711035037,Memory1,80,61,487394,91307,3649,9242,5213,6265
1711035038,Memory1,77,63,189431,23045,8400,3697,692,2555
1711035039,Memory1,77,60,793370,359208,37178,149860,36809,34776
1711035040,Memory1,78,67,576938,55432,39608,2791,2412,3686
1711035041,Memory1,67,67,856105,135463,8739,10538,5322,3628
1711035042,Memory1,66,60,367002,67086,5258,7763,3020,4391
1711035043,Memory1,61,54,282997,70873,13280,7539,2895,3477
1711035044,Memory1,63,47,933148,77786,17337,3791,5532,4818
1711035104,nan,88,67,194194,15890,6545,8772,1956,2234
1711035105,nan,90,83,409515,12249,17834,3952,3858,3723
1711035106,Memory2,87,88,2726307,152612,102074,18383,35294,24070
1711035107,Memory2,81,94,457874,88213,57031,19900,19052,16139
1711035108,Memory2,83,84,125166,34603,4873,5415,5427,3515
1711035109,Memory2,77,80,362661,47079,20862,14401,4353,4166
1711035110,Memory2,64,67,121311,161967,27245,2983,4878,4115
1711035111,Memory2,63,66,63195,10128,2011,4385,1090,1554
1711035112,Memory2,50,75,302201,35182,19472,3555,2720,1061
1711035113,Memory2,61,74,593499,27104,10731,16410,12143,10847
1711035114,Memory2,75,83,648596,39240,3597,19858,6064,5711
1711035115,Memory2,67,67,976660,324208,12163,23652,21339,14060
1711035116,Memory2,80,61,1188212,111643,39923,8739,31563,9474
1711035117,Memory2,74,56,1001662,182803,55872,28333,23019,30044
1711035118,Memory2,64,57,259242,36741,12033,6849,1747,1892
1711035119,Memory2,64,57,855298,99622,6373,5127,7031,4321
1711035120,Memory2,51,53,1169537,346104,40136,18590,11438,6799
1711035121,Memory2,50,53,184510,13483,5219,2397,3272,1809
1711035122,Memory2,50,47,1065245,152995,41900,1892,7965,7585
1711035123,Memory2,53,63,2482795,1586279,912858,184600,121788,142697
1711035124,Memory2,57,66,2171137,508451,64002,89941,80472,21277
1711035125,Memory2,44,56,1018257,110042,8896,5581,4178,2662
1711035126,Memory2,61,60,235921,33940,7784,15054,11312,12689
1711035127,Memory2,70,63,343747,4924,2420,3693,1132,1308
1711035128,Memory2,91,66,146026,37551,7804,18994,14493,14488
1711035129,Memory2,100,78,42446,10885,2342,4368,3733,1760
1711035130,Memory2,84,60,169499,85650,1554,3369,1720,2589
1711035131,Memory2,77,47,987174,99791,9887,9282,5144,6166
1711035132,Memory2,56,54,1248967,170934,127788,35365,8589,9586
1711035133,Memory2,63,54,493899,9118,3955,3039,2637,3131
1711035134,Memory2,63,78,329642,7880,6024,1448,1800,443
1711035135,Memory2,48,66,112580,51194,1648,687,1871,641
1711035136,Memory2,57,53,183137,14399,2977,1562,2743,1649
1711035137,Memory2,61,50,72713,2766,1075,446,715,1269
1711035138,Memory2,74,48,51866,24861,13235,12464,7217,4494
1711035139,Memory2,88,80,27219,13595,15228,12236,6936,2485
1711035140,Memory2,100,81,151244,7707,375,2955,1631,2307
1711035141,Memory2,91,84,668723,69252,15613,27859,30035,13904
1711035142,Memory2,87,69,587886,234145,14161,29328,17359,14152
1711035143,Memory2,87,63,940451,218462,46999,107717,20499,22161
1711035144,Memory2,74,56,1554466,572730,46021,44563,47787,48269
1711035145,Memory2,61,54,354518,61713,12842,13270,12066,3115
1711035146,Memory2,63,77,1434987,52451,59807,39771,6711,8852
1711035147,Memory2,64,74,1335554,134455,56175,7952,11883,14094
1711035148,Memory2,63,77,297406,115273,14879,19618,31161,8101
1711035149,Memory2,56,67,312960,56098,5110,2793,5885,1304
1711035150,Memory2,35,47,1295284,284525,37498,7291,8714,2318
1711035151,Memory2,47,54,111869,9215,8771,7113,2140,4750
1711035152,Memory2,43,57,39220,57539,10667,15415,5815,3120
1711035153,Memory2,41,56,331258,146301,11290,5729,15314,3009
1711035154,Memory2,60,57,429375,137467,18189,5249,8627,7135
1711035155,Memory2,40,61,109916,4833,5767,2910,1068,354
1711035156,Memory2,43,60,342204,148577,28323,23877,13137,10702
1711035157,Memory2,70,75,557727,24964,6313,33410,25774,24587
1711035158,Memory2,77,78,411921,11665,698,2556,253,1303
1711035159,Memory2,100,60,81087,46579,11249,3884,11671,21578
1711035160,Memory2,94,74,346114,182866,176318,56006,13932,12711
1711035161,Memory2,84,61,420708,216240,23820,14371,41789,31944
1711035162,Memory2,67,50,2058706,1065585,50667,35325,33084,18082
1711035163,Memory2,48,60,296393,28326,14019,7660,6879,1807
1711035164,Memory2,57,41,2659723,263610,57628,2808,39721,28458
1711035165,Memory2,50,50,251385,151547,32499,22523,21025,12016
1711035166,Memory2,70,77,862078,13814,27029,16513,9253,8744
1711035167,Memory2,80,69,582360,65859,15827,5351,3806,7584
1711035168,Memory2,74,84,66804,11801,10461,3694,2259,1146
1711035169,Memory2,61,83,428103,58037,7663,9933,2632,1335
1711035170,Memory2,51,69,211833,44757,7804,6586,4658,3155
1711035171,Memory2,40,53,2360281,468488,2432,20775,18944,14019
1711035172,Memory2,60,44,1370417,16098,13331,8726,16930,20474
1711035173,Memory2,70,37,73111,19877,2114,346,2389,1637
1711035174,Memory2,67,29,485345,323134,32539,13888,16564,15225
1711035174,Memory2,77,51,59924,3834,605,1832,734,492
1711035176,Memory2,51,38,2841984,349537,21505,9960,10360,10802
1711035176,Memory2,57,48,32685,21850,7835,4237,6521,6039
1711035177,Memory2,66,56,44122,14815,1515,5714,4282,2223
1711035178,Memory2,77,47,260244,37378,2864,10837,40571,14006
1711035179,Memory2,83,69,65944,32346,32505,25634,14292,5556
1711035180,Memory2,77,63,248900,210856,27515,5376,12388,19469
1711035181,Memory2,74,67,84785,10383,6349,2280,1725,1358
1711035182,Memory2,63,70,677801,126435,11773,19548,14167,13952
1711035183,Memory2,56,56,316583,127188,9607,22663,9471,4071
1711035184,Memory2,61,61,165057,18325,4708,2425,3146,3926
1711035185,Memory2,66,48,266241,26138,1832,2429,1036,3183
1711035362,Calibration,83,64,2882,14389,16346,17740,2758,4837
1711035363,Calibration,100,74,54739,16065,8020,4305,7140,17563
1711035364,Calibration,77,57,100721,53578,1967,1632,3075,873
1711035365,Calibration,63,75,11987,7734,7784,9803,5904,3110
1711035366,Calibration,56,50,130255,30820,2779,2310,11152,1743
1711035367,Calibration,50,50,35305,37519,7462,14053,10278,14407
1711035368,Calibration,70,70,21569,10484,6075,7724,6908,6836
1711035369,Calibration,75,60,29138,17833,1913,7286,4379,5557
1711035370,Calibration,83,75,93245,7731,3599,2058,2197,1735
1711035371,Calibration,78,67,384512,14470,983,2216,2655,2200
1711035372,Calibration,60,54,74919,62824,6864,4436,9373,2242
1711035373,UP,54,61,10649,18890,5189,15866,7357,3965
1711035374,UP,53,66,18995,13882,8662,10008,5024,3702
1711035375,UP,56,78,6536,12829,7202,12287,12226,6514
1711035376,UP,75,91,12609,8765,4338,6571,6758,4623
1711035377,UP,77,81,13596,18138,3548,3749,7787,3596
1711035378,UP,84,74,9582,16964,5811,5915,6002,8328
1711035379,UP,80,78,31600,12724,4474,12907,2284,3200
1711035380,UP,78,80,5567,13457,8982,6963,7321,5760
1711035381,UP,75,87,5695,13654,4198,6643,5466,2571
1711035382,UP,66,96,11649,17297,18999,7829,5071,3937
1711035383,UP,80,87,2932,4652,3654,1772,4390,5975
1711035384,UP,78,87,5400,16113,12316,8702,9222,6486
1711035385,UP,84,81,16222,22102,5955,7411,8643,9744
1711035386,UP,88,80,12462,15440,15425,5794,3833,5188
1711035387,UP,80,78,13850,23587,5873,6258,3887,7341
1711035388,UP,80,81,8418,10557,10564,4215,3050,3647
1711035389,UP,77,88,14146,13041,12251,3495,3079,5548
1711035390,UP,75,83,7068,20487,8053,3814,2024,3597
1711035391,UP,77,93,27577,11456,17416,1542,2504,8918
1711035392,UP,80,94,12012,11525,27456,3482,8588,9766
1711035393,UP,78,83,3579,15533,1435,4176,3032,2688
1711035394,UP,80,90,15207,12419,8484,10104,3669,4331
1711035395,DOWN,67,83,740146,57363,28027,5824,3379,6760
1711035396,DOWN,67,84,35360,7713,17777,2961,4095,6473
1711035397,DOWN,67,96,11838,21256,20293,6501,3401,6549
1711035398,DOWN,66,90,3133,24208,6830,12805,11522,3950
1711035399,UP,74,90,179492,4832,3576,2505,3807,1795
1711035400,UP,75,84,28655,9517,7618,5392,2418,5544
1711035401,UP,64,94,15350,15094,66318,13909,6662,3867
1711035402,UP,69,88,629279,17735,4194,4896,5026,4983
1711035403,UP,70,90,17007,7179,8647,3066,3868,3401
1711035404,UP,66,91,5911,14322,20872,3249,1489,5763
1711035405,UP,66,69,6310,30500,8026,4430,4770,1810
1711035406,UP,64,81,9091,10620,12607,8342,4025,4382
1711035407,UP,64,75,10108,14958,2317,7041,5480,4167
1711035408,UP,70,66,15604,22208,15458,4327,7487,14031
1711035409,UP,80,78,19422,16459,13741,11816,4648,4720
1711035410,UP,78,69,13266,29473,14504,4260,2309,5258
1711035410,UP,74,66,72729,26962,3629,6551,8518,5143
1711035411,UP,60,57,41980,43998,1827,7155,3388,3424
1711035412,UP,60,50,9998,21384,5534,4821,3240,3914
1711035413,UP,53,54,38641,35738,24262,8560,4930,3243
1711035414,UP,56,61,160161,12439,11811,13515,21955,8501
1711035415,UP,51,74,23786,38092,8302,16565,3068,2199
1711035416,UP,48,61,260375,98787,570,14187,18501,8984
1711035417,UP,54,61,29656,27825,22136,11711,7304,6234
1711035418,UP,44,63,38284,25222,9550,16636,10483,3360
1711035419,Calibration,61,61,5734,9155,2697,10866,12691,6683
1711035420,Calibration,64,83,46040,18078,24733,12825,5042,6203
1711035421,Calibration,61,70,1311374,264885,49181,20225,35506,22128
1711035422,Calibration,70,74,22084,20195,10854,15214,4006,11336
1711035423,Calibration,69,63,162712,18482,1455,4005,2931,6003
1711035424,Calibration,60,48,286619,94007,15181,7903,2675,3713
1711035461,nan,35,40,358816,22053,3928,2486,1063,816
1711035462,Calibration,44,43,25656,30900,10874,10443,8211,10861
1711035463,Calibration,60,54,13733,18427,16437,10371,8601,4117
1711035464,Calibration,57,53,193432,18132,750,1929,1256,3449
1711035465,Calibration,78,56,596217,23485,14691,2548,10063,13755
1711035466,Segundito,75,50,172972,55235,8897,6782,4562,9799
1711035467,Segundito,64,26,595966,197801,2741,12854,27971,7037
1711035468,Segundito,66,26,21339,30651,3829,1483,4277,6308
1711035469,Segundito,47,29,57912,98425,49340,12136,20168,4694
1711035470,Segundito,40,37,19000,12286,5771,1638,2908,1148
1711035471,Segundito,47,48,157328,22004,4778,1046,2230,2129
1711035472,Segundito,41,53,38180,21767,4149,1107,870,2195
1711035473,Segundito,41,47,58515,94932,14492,13135,10838,3603
1711035474,Segundito,44,50,23432,20333,19445,4268,11113,3837
1711035475,Segundito,47,47,172079,33145,3358,3360,7271,4162
1711035476,Segundito,43,37,603976,302241,10058,13904,9677,13820
1711035477,Segundito,41,26,504888,455412,34352,7045,8365,13707
1711035478,Segundito,40,35,75227,38842,71462,32720,12349,10258
1711035479,Segundito,44,50,140032,22876,16805,14362,8330,11247
1711035480,Segundito,53,66,140056,57908,35955,3807,20918,11597
1711035481,Segundito,61,80,604841,66040,11550,20771,15815,7921
1711035482,Segundito,61,63,347221,28326,3394,6694,2864,3036
1711035483,Segundito,54,67,33867,16056,41167,2812,11452,4808
1711035484,Segundito,50,57,77876,18531,871,2407,1493,1499
1711035485,Segundito,47,63,171120,149107,111173,16239,45050,16186
1711035486,Segundito,48,69,47029,9044,3466,3702,4555,1582
1711035487,Segundito,47,67,29388,29024,36853,8938,5712,4854
1711035488,Segundito,54,78,60746,35015,13535,12331,12034,11074
1711035489,Segundito,66,61,310808,62002,5759,4459,12423,18226
1711035490,Segundito,75,61,16454,26148,18343,10348,16391,16797
1711035491,Segundito,88,50,15176,20271,4092,8936,3472,9938
1711035492,Segundito,83,53,13682,18732,9603,6840,6992,3682
1711035493,Segundito,64,61,72279,74598,17584,4942,2860,2481
1711035494,Segundito,60,57,23047,18774,5139,5896,5214,4882
1711035495,Segundito,47,56,43650,32395,3539,6758,4511,2372
1711035496,Segundito,50,50,153077,43308,16240,11668,28124,10872
1711035497,Segundito,48,57,1628,38728,17316,17112,16395,1593
1711035498,Segundito,47,60,46207,26013,4990,10009,5895,5805
1711035499,Segundito,50,61,9694,29954,3954,13594,17283,4075
1711035500,Segundito,48,75,35017,9145,16718,10499,9130,3632
1711035501,Segundito,60,88,37354,2287,29097,4083,5556,3138
1711035502,Segundito,56,88,28855,25441,4756,12226,11171,4576
1711035503,Segundito,54,93,38679,42066,36048,3941,5163,6584
1711035504,Segundito,50,67,219869,40657,4372,344,2806,2648
1711035505,Segundito,47,54,22082,29224,21998,3013,5596,2818
1711035506,Segundito,48,60,4624,11502,13156,1343,6743,3311
1711035507,Segundito,60,60,18879,8612,12236,4832,8215,7170
1711035508,Segundito,56,80,8902,36868,25970,18914,10558,2862
1711035509,Segundito,60,74,21337,20981,8752,1679,8737,2760
1711035510,Segundito,56,70,10183,16674,5351,12448,9901,3102
1711035511,Segundito,48,63,15588,24048,6588,7381,11624,4131
1711035512,Segundito,53,63,15400,26620,14468,20537,16956,3976
1711035513,Segundito,44,66,214545,49570,21290,3622,2123,2354
1711035514,Segundito,44,57,209338,49712,6328,17915,27156,7291
1711035515,Segundito,34,60,82843,144533,68105,4736,14196,5601
1711035516,Segundito,38,48,52705,15804,1485,3104,2383,2524
1711035517,Segundito,51,53,26613,12863,8983,7384,7416,3901
1711035518,Segundito,54,53,4238,44170,7920,14404,11374,12092
1711035519,Segundito,66,56,18490,47582,40943,9713,27380,9876
1711035520,Segundito,70,61,155014,8414,1178,4212,3324,3264
1711035521,Segundito,69,51,17936,71285,17198,5900,16420,9621
1711035522,Segundito,63,56,26370,36332,15691,10092,4033,4927
1711035523,Segundito,57,54,109520,49335,16025,15713,17233,3862
1711035524,Segundito,44,56,273028,19138,4293,5797,2569,1336
1711035525,Segundito,44,69,17860,31052,35950,12484,3795,7749
1711035526,Segundito,48,69,46442,36487,7913,21391,7408,8477
1711035527,Segundito,51,69,7102,49548,20256,5102,1647,6028
1711035528,Segundito,63,66,42814,19614,4673,8379,20255,5809
1711035529,Segundito,60,61,20177,17609,9891,3660,4406,2539
1711035530,Segundito,61,57,8861,38542,14008,8526,4948,8545
1711035531,Segundito,70,61,30795,10465,9012,4644,4337,6438
1711035532,Segundito,64,69,64829,42514,35854,3928,10244,7166
1711035533,Segundito,75,67,36914,9591,2883,9963,10146,5512
1711035534,Segundito,60,66,694599,186011,67482,9684,19774,6515
1711035535,Segundito,56,66,41612,12150,14002,5094,6831,6330
1711035536,Segundito,61,64,10817,23883,15799,6470,4308,7130
1711035537,Segundito,53,69,8380,40670,29887,17162,5696,8129
1711035538,Segundito,67,77,676504,39989,17251,18222,1902,9416
1711035539,Segundito,57,70,70430,76437,26239,12458,14039,6232
1711035540,Segundito,56,74,66195,8933,2848,6232,1576,2095
1711035541,Segundito,48,69,170907,27245,15890,4752,2722,1594
1711035542,Segundito,47,67,169595,6549,2675,3146,1572,1241
1711035543,Segundito,44,70,568434,88619,33790,23425,9473,6636
1711035544,Segundito,37,50,185027,59065,1714,4750,8435,3479
1711035545,Segundito,56,44,163345,9678,331,13137,14783,8412
1711035546,Segundito,57,38,27188,82456,37323,6695,26725,13995
1711035547,Segundito,60,27,1005940,100878,11439,7022,7305,6359
1711035548,Segundito,69,40,13348,25098,4198,7424,2466,7293
1711035549,Segundito,54,47,11216,41335,22993,11432,5322,5009
1711392876,Calibration,0,0,250573,144595,33531,11279,27574,10079
1711392877,Calibration,0,0,532839,909838,749763,222010,130619,105656
1711392878,Calibration,0,0,837042,375639,50311,92048,82193,40708
1711392879,Calibration,0,0,228245,345804,58868,166144,20719,29705
1711392880,Calibration,0,0,176634,216546,19283,153729,20812,22168
1711392881,Calibration,0,0,141471,239165,17192,103910,50286,18158
1711392882,Calibration,0,0,552589,901355,539932,206049,651461,175522
1711392883,Calibration,0,0,181094,385549,54462,60642,93556,41442
1711392884,Meditation,0,0,960651,816267,343729,369962,246170,154903
1711392885,Meditation,0,0,611079,1917861,210124,672779,59995,136163
1711392886,Meditation,0,0,483885,193360,41184,67905,53338,24246
1711392887,Meditation,0,0,1335654,1090805,74090,173887,107767,97296
1711392888,Meditation,0,0,236517,443692,151223,61322,32313,18117
1711392889,Meditation,0,0,1005155,1220953,169757,363782,150705,142393
1711392890,Meditation,0,0,811328,76677,63793,151556,4599,35781
1711392891,Meditation,0,0,298886,356499,20750,24204,26576,32731
1711392892,Meditation,0,0,231452,1814287,711214,230326,201748,101303
1711392893,Meditation,0,0,381037,1040360,160577,343887,210877,189176
1711392894,Meditation,0,0,1993333,1231666,313653,349133,117383,60105
1711392895,Meditation,0,0,228332,49394,50498,112882,14055,43214
1711392896,Meditation,0,0,1884507,770066,48291,248791,536180,186795
1711392897,Meditation,0,0,1647749,924545,375326,92328,19867,86309
1711392898,Meditation,0,0,1473474,1502016,84438,141106,92633,72896
1711392899,Meditation,0,0,295639,769301,173317,440767,29170,115606
1711392900,Meditation,0,0,682259,1200686,903077,318391,249556,103594
1711392901,Meditation,0,0,1171597,310917,1164700,294219,98706,104595
1711392902,Meditation,0,0,1514035,709187,238315,183803,104031,52170
1711392903,Meditation,0,0,161473,403237,33184,168022,42630,34585
1711392904,Meditation,0,0,424531,293375,16347,88138,51561,73296
1711392905,Meditation,0,0,1163602,1221597,217010,687002,234420,116707
1711392906,Meditation,0,0,537186,207690,95197,21344,52620,25747
1711392907,Meditation,0,0,154491,187038,102880,155341,19255,25311
1711392908,Meditation,0,0,1064196,1483939,351250,592014,146417,172941
1711392909,Meditation,0,0,440309,359837,119543,50031,80107,21861
1711392910,Meditation,0,0,416406,1883564,93020,318379,121876,81006
1711392911,Meditation,0,0,502076,444536,142698,240307,71542,156026
1711392912,Meditation,0,0,1007096,408843,91581,45693,131750,54103
1711392913,Meditation,0,0,134443,101418,77851,29990,37306,32464
1711392914,Meditation,0,0,151314,262654,3191,66849,36556,15276
1711392915,Meditation,0,0,83320,433672,73594,30231,31550,34504
1711392916,Meditation,0,0,375958,1249812,187936,292317,116657,142964
1711392917,Meditation,0,0,521574,208357,24178,31697,68918,42004
1711392918,Meditation,0,0,691939,355198,48093,143814,39275,16920
1711392919,Meditation,0,0,532796,843708,215033,275162,131582,88828
1711392920,Meditation,0,0,431528,369091,5407,28138,92458,54675
1711392921,Meditation,0,0,1787185,840489,208790,747235,133514,83553
1711392922,Meditation,0,0,118737,277175,97546,89826,35311,56716
1711392923,Meditation,0,0,222016,355933,53377,36818,20478,23108
1711392924,Meditation,0,0,764700,241707,23469,31245,45526,15239
1711392925,Meditation,0,0,471746,178519,260061,78570,21267,19104
1711392926,Meditation,0,0,522884,333226,16996,81000,59267,33020
1711392927,Meditation,0,0,273990,334125,72794,99638,10209,31352
1711392928,Meditation,0,0,308284,255049,49861,36851,54922,10964
1711392929,Meditation,0,0,610086,515123,22971,124442,38215,48812
1711392930,Meditation,0,0,55059,235433,68215,63796,34744,60570
1711392930,Meditation,0,0,806673,129436,12612,43960,13817,21306
1711392932,Meditation,0,0,333353,1116477,59890,584703,56175,117468
1711392932,Meditation,0,0,190156,390116,115920,96095,37686,20069
1711392933,Meditation,0,0,391474,176097,43600,32013,31076,27973
1711392934,Meditation,0,0,907786,1050739,597609,470753,176386,146588
1711392935,Meditation,0,0,377576,118521,46778,42957,36546,23219
1711392936,Meditation,0,0,1857354,324250,37164,248159,349009,86614
1711392937,Meditation,0,0,454734,1783138,116414,875649,72625,73572
1711392938,Meditation,0,0,170417,422144,51168,40298,57201,28827
1711392939,Meditation,0,0,1492244,1800045,96674,196843,25041,84380
1711392940,Meditation,0,0,503185,142255,149973,172041,65649,32541
1711392941,Meditation,0,0,623937,312273,48599,62236,47824,28173
1711392942,Meditation,0,0,434425,639321,236737,332071,321601,73985
1711392943,Meditation,0,0,1864854,894283,195145,163399,145370,72936
1711392944,Meditation,0,0,582661,258727,20003,125865,47045,74179
1711392945,Meditation,0,0,330840,688552,186458,17769,25173,16494
1711392946,Meditation,0,0,162971,203165,42530,30767,48781,43287
1711392947,Meditation,0,0,62004,54337,11098,13028,6916,6906
1711392948,Calibration,0,0,1087571,430027,388741,442811,227627,82607
1711392949,Calibration,0,0,1381857,1991225,301094,217134,33420,54412
1711392950,Calibration,0,0,476934,394831,48975,38652,47676,39015
1711392951,Calibration,0,0,1762181,1954144,311419,444941,61223,106389
1711392952,Calibration,0,0,249271,967233,1266390,114180,112920,93578
1711393009,Calibration,0,0,1307798,1645020,466838,128632,86438,60997
1711393010,Calibration,0,0,477385,304652,99850,25818,5541,29261
1711393011,Calibration,0,0,484302,351352,41979,77662,24631,45837
1711393012,Calibration,0,0,1357919,1260106,133132,269249,112766,84306
1711393013,Calibration,0,0,2162462,1910694,135021,186650,71289,41383
1711393014,Calibration,0,0,33039,291894,48973,129068,35536,38755
1711393015,Calibration,0,0,244105,356034,196339,47719,23268,28599
1711393016,Calibration,0,0,484519,1539485,109833,279307,95736,37455
1711393017,Memory1,0,0,576755,289178,49458,34653,31283,41497
1711393018,Memory1,0,0,1566919,766449,33409,133128,106038,45222
1711393019,Memory1,0,0,1338355,781767,160357,510670,153755,144633
1711393020,Memory1,0,0,231967,618140,123258,198150,9655,20557
1711393021,Memory1,0,0,1113019,685719,62831,340617,174104,45979
1711393022,Memory1,0,0,137112,1523081,327215,201558,132918,100915
1711393023,Memory1,0,0,83127,491701,37097,105117,40468,24975
1711393024,Memory1,0,0,372360,305470,21601,43419,118462,31901
1711393025,Memory1,0,0,524480,326249,26025,67029,44418,30709
1711393026,Memory1,0,0,1176020,211339,48904,51562,29677,13048
1711393027,Memory1,0,0,2030166,1059474,142954,395862,63183,68285
1711393028,Memory1,0,0,388882,808122,403545,484619,138371,55483
1711393029,Memory1,0,0,70696,241990,57467,47036,38510,20304
1711393030,Memory1,0,0,96449,408659,33259,89168,19116,27958
1711393031,Memory1,0,0,385701,843037,352041,304766,186530,91796
1711393032,Memory1,0,0,630421,634544,413979,69938,144079,59835
1711393033,Memory1,0,0,692928,282001,21313,66476,24442,20452
1711393034,Memory1,0,0,395577,154271,85887,17816,47714,18053
1711393035,Memory1,0,0,148028,165237,17227,71533,22460,27685
1711393036,Memory1,0,0,159034,278940,121095,36396,28175,28328
1711393037,Memory1,0,0,85223,193731,61106,25948,44640,27286
1711393038,Memory1,0,0,1509309,917392,254286,297263,111774,54934
1711393039,Memory1,0,0,884211,579785,88848,171474,85617,88669
1711393040,Memory1,0,0,608269,1020040,524618,368883,98896,56521
1711393041,Memory1,0,0,295105,1088175,455108,414535,48842,62401
1711393042,Memory1,0,0,393542,402408,427279,108294,220828,100017
1711393043,Memory1,0,0,528873,1780517,740650,670847,31957,54486
1711393044,Memory1,0,0,96796,227988,24944,60677,36762,17097
1711393045,Memory1,0,0,330841,424252,48604,54376,46770,25979
1711393046,Memory1,0,0,195069,146760,48845,14944,33530,13427
1711393047,Memory1,0,0,424745,931914,127373,180409,39407,65158
1711393048,Memory1,0,0,642659,172493,32914,111757,76775,13956
1711393049,Memory1,0,0,577445,208638,37809,33905,17772,17777
1711393050,Memory1,0,0,404619,142404,108774,15621,23034,7724
1711393051,Memory1,0,0,67165,127084,11477,35051,32644,19792
1711393052,Memory1,0,0,1913183,561695,183213,192229,34682,36625
1711393053,Memory1,0,0,684090,882667,610158,210164,45993,66292
1711393054,Memory1,0,0,298090,301662,26054,96079,10695,16865
1711393055,Memory1,0,0,45225,66115,10593,7472,5067,4133
1711393056,Memory1,0,0,373242,1901987,344242,234973,45774,90380
1711393057,Memory1,0,0,948684,348709,85459,28758,25474,19524
1711393058,Memory1,0,0,270975,812678,191784,187696,41990,41560
1711393059,Memory1,0,0,126752,172047,91631,105188,15856,28065
1711393060,Memory1,0,0,656927,395762,38985,359135,86824,54390
1711393061,Memory1,0,0,345808,1584813,72150,328219,29317,60435
1711393062,Memory1,0,0,629092,108559,101315,74062,29131,20471
1711393063,Memory1,0,0,525131,148457,12251,39277,26598,19634
1711393064,Memory1,0,0,180738,304245,43516,57909,32905,39319
1711393065,Memory1,0,0,1111974,647792,99589,204112,26099,71471
1711393066,Memory1,0,0,212524,251608,49987,92614,9884,35613
1711393067,Memory1,0,0,1158636,894383,142441,283755,93288,81343
1711393068,Memory1,0,0,569245,808387,48037,435728,31696,74820
1711393069,Memory1,0,0,732229,1423732,501841,139238,46759,72707
1711393070,Memory1,0,0,242385,40839,106359,33270,5349,17168
1711393071,Memory1,0,0,2027582,574462,143405,158416,51430,81082
1711393072,Memory1,0,0,482521,145471,110613,56049,14855,21474
1711393073,Memory1,0,0,117809,201367,32477,101934,29350,21831
1711393074,Memory1,0,0,420514,218540,26917,99808,12579,11613
1711393075,Memory1,0,0,1031181,1163765,180019,363368,131388,69369
1711393076,Memory1,0,0,1565857,980753,79715,620103,28727,53767
1711393077,Calibration,0,0,341914,284141,75597,37941,53067,14680
1711393078,Calibration,0,0,1116162,757623,171722,236961,66367,56154
1711393079,Calibration,0,0,393243,498409,243390,65364,194748,37584
1711393138,Calibration,44,56,1103229,715334,179315,201575,11592,77697
1711393139,Calibration,44,56,175005,98163,16917,44024,8003,20046
1711393140,Calibration,44,56,491970,885668,152703,157665,45858,46081
1711393141,Calibration,44,56,160967,62709,26166,61586,21078,26562
1711393142,Calibration,44,56,169073,178359,54533,43987,27518,12574
1711393143,Calibration,44,56,404860,164816,21699,69450,17636,23718
1711393144,Calibration,44,56,1254740,781031,148728,231327,58592,45444
1711393145,Calibration,44,56,421958,1152084,136068,152939,36200,34313
1711393146,Memory2,53,40,413118,651917,241563,38381,104333,35096
1711393147,Memory2,53,40,822872,1154413,451341,190349,52540,54178
1711393148,Memory2,53,40,423319,1362181,83578,392885,47590,36696
1711393149,Memory2,53,40,1440806,600491,147049,57318,117007,34941
1711393150,Memory2,53,40,92131,155463,24519,116092,12424,3975
1711393151,Memory2,53,40,675259,1160362,230114,299755,66954,65911
1711393152,Memory2,53,40,402489,171425,251512,42143,7361,13227
1711393153,Memory2,53,40,59705,41020,4725,9878,5644,5075
1711393154,Memory2,53,40,666610,293943,261575,320724,56655,42701
1711393155,Memory2,53,40,1209749,764993,440656,119158,191133,81058
1711393156,Memory2,53,40,689884,150099,24329,46035,31996,7023
1711393157,Memory2,53,40,357725,338918,29767,26252,21925,37327
1711393158,Memory2,53,40,674092,1837894,45942,187267,49421,70196
1711393159,Memory2,53,40,1517363,607530,82498,88233,58539,68517
1711393160,Memory2,53,40,74760,174829,12515,73225,7123,7234
1711393161,Memory2,53,40,512590,188253,54265,42906,16769,16745
1711393162,Memory2,53,40,1763840,706307,244453,114872,84102,27402
1711393163,Memory2,53,40,1164493,259138,16808,38639,34898,15203
1711393164,Memory2,53,40,1017306,111959,36150,34168,8968,13490
1711393165,Memory2,38,47,295283,636169,186363,145434,42387,42359
1711393165,Memory2,38,47,264202,198173,43882,43152,37725,20653
1711393166,Memory2,38,47,278353,177262,48714,46151,24754,9172
1711393167,Memory2,38,47,616828,872546,280065,350069,63321,40156
1711393168,Memory2,38,64,396894,511972,365566,144642,96308,98889
1711393169,Memory2,38,64,220591,167966,42542,18451,20756,10756
1711393170,Memory2,38,64,165980,202087,30460,50722,20056,10900
1711393171,Memory2,38,64,453586,115780,46588,14149,12377,27950
1711393172,Memory2,38,64,501181,302982,298389,495876,90942,82928
1711393173,Memory2,38,64,178823,182710,8754,46993,20192,14712
1711393174,Memory2,38,64,1576067,482861,150188,181933,28586,52265
1711393175,Memory2,20,60,226267,754839,135734,182241,15745,32182
1711393176,Memory2,24,61,193846,518051,34348,233756,138160,32375
1711393177,Memory2,24,61,1929496,1448537,215386,194387,47458,38650
1711393178,Memory2,24,61,624411,397278,322445,191524,28120,33352
1711393179,Memory2,16,56,93189,945180,45439,283725,56055,39021
1711393180,Memory2,16,56,98708,262807,46288,58272,19086,8594
1711393181,Memory2,16,56,227144,1218486,67320,375857,53055,74658
1711393182,Memory2,16,56,833818,820892,465806,172228,85050,37150
1711393183,Memory2,16,56,18766,20428,5145,16823,3587,2000
1711393184,Memory2,16,56,1795395,735270,103034,124507,39189,39386
1711393185,Memory2,16,56,691724,218824,36207,33281,34363,13392
1711393186,Memory2,3,41,1034335,685049,107381,87871,49531,50039
1711393187,Memory2,26,43,98659,124015,52533,28647,29668,14510
1711393188,Memory2,26,43,95091,214592,68038,59938,16184,12014
1711393189,Memory2,44,37,1288180,2761111,356916,368753,103871,328382
1711393190,Memory2,44,37,1805455,423938,115268,201034,37355,21003
1711393191,Memory2,44,37,2009156,356775,36485,52943,138665,71261
1711393192,Memory2,51,37,394788,579039,88892,117529,19879,28879
1711393193,Memory2,51,37,174548,96336,49584,26277,67616,8892
1711393194,Memory2,51,37,160980,162597,43643,23472,3712,13682
1711393195,Memory2,51,37,30365,51192,29393,12392,2261,4477
1711393196,Memory2,51,37,502854,977574,395212,145143,121424,45348
1711393197,Memory2,51,37,20367,29291,40960,5563,6873,6362
1711393198,Memory2,51,37,517240,846647,224794,396659,157753,79853
1711393199,Memory2,51,37,8561,391245,40895,41613,24027,7604
1711393200,Memory2,51,37,30942,20938,9204,6905,2480,4438
1711393201,Memory2,51,37,595825,1109479,307329,194494,84298,50774
1711393202,Memory2,51,37,617521,128469,21551,13845,15154,22568
1711393203,Calibration,51,37,336387,107449,45244,60973,32242,13162
1711393204,Calibration,51,37,124425,176817,47813,55782,16794,5524
1711393354,Calibration,43,67,166177,163620,7671,10047,14165,5199
1711393355,Calibration,47,66,39856,153670,10274,41602,9761,7271
1711393356,Calibration,47,70,346871,349353,126975,90322,48282,28774
1711393357,Calibration,47,70,1889526,544839,306900,66604,72030,52175
1711393358,Calibration,34,63,550461,826468,138965,96139,86713,36219
1711393359,Calibration,34,63,1229384,308964,218453,112422,34698,14126
1711393360,Calibration,34,63,1642636,686991,432556,111542,19952,35115
1711393361,Calibration,37,48,166116,80368,22713,15612,7288,5900
1711393362,UP,43,53,484407,533303,57240,204872,43336,41639
1711393363,UP,43,53,386543,198740,11326,30045,7788,12458
1711393364,UP,56,54,1281383,258278,119417,82858,45297,53235
1711393365,UP,56,54,766738,1068654,837141,135988,50211,29527
1711393366,UP,56,54,2567769,1667374,1132256,625768,179703,282069
1711393367,UP,56,54,218067,183023,76732,12141,26295,4093
1711393368,UP,56,54,139098,606701,233659,245003,44564,33698
1711393369,UP,56,54,746075,52957,76497,34733,27834,12384
1711393370,UP,56,54,156790,97876,25114,12263,14541,7441
1711393371,UP,56,54,292034,172562,21211,76832,8005,11415
1711393372,UP,56,54,1273734,497995,46333,135903,73231,47937
1711393373,UP,56,54,364614,217193,67479,27485,7769,10022
1711393374,UP,56,54,1151185,90517,92075,26711,18905,8206
1711393375,UP,56,54,1480634,699167,523335,31555,29160,47685
1711393376,UP,69,69,931495,1393349,539306,573606,134317,152874
1711393377,UP,53,66,1584512,2054661,344791,386884,200018,56659
1711393378,UP,53,66,43913,374012,55494,27545,3749,9146
1711393379,UP,43,75,3745214,2559328,1678274,456661,243923,145202
1711393380,UP,11,75,716685,581433,8337,467478,203118,21685
1711393381,UP,7,67,1015577,2156269,430402,796823,312064,153679
1711393382,UP,7,67,120317,149225,27437,45175,3303,9479
1711393383,UP,7,67,557372,202209,27019,35702,21866,21788
1711393384,UP,16,66,228170,957426,186128,171091,38900,47155
1711393385,UP,13,69,1743999,1371468,556507,1094339,108569,78978
1711393386,UP,13,69,658093,111714,19032,21866,7892,5955
1711393387,UP,51,75,791830,207855,103373,210066,45550,122050
1711393388,DOWN,51,75,116322,204441,49996,30180,18571,10322
1711393389,DOWN,51,75,881555,1157398,189991,118985,66952,19064
1711393390,DOWN,53,75,1923826,1947973,553926,697554,405761,208214
1711393391,DOWN,53,75,1293459,713195,145040,64749,3695,25361
1711393392,DOWN,60,75,122415,590472,104147,121315,28931,46079
1711393393,UP,60,75,321123,103056,36687,73227,17125,11752
1711393394,UP,60,75,724461,306247,19358,21615,20070,11272
1711393395,UP,75,77,752605,219359,329095,94286,57133,47796
1711393396,UP,48,74,1025170,486490,164679,217274,48134,35878
1711393397,UP,48,74,223619,89763,51839,50573,15376,17872
1711393398,UP,48,74,1123884,879575,621101,137943,64410,27287
1711393399,UP,50,80,686749,285227,237168,35348,23846,39057
1711393399,UP,60,74,935501,274716,68500,21337,118792,40077
1711393400,UP,60,74,202305,97367,11250,39883,13570,14650
1711393401,UP,60,74,1576223,419619,34252,90973,29083,24922
1711393402,UP,61,66,882835,1428371,1181483,289903,104241,231746
1711393403,UP,61,66,241272,225723,45882,38848,9641,6998
1711393404,UP,61,66,752496,486984,25322,77875,12332,5866
1711393405,UP,64,60,537590,596554,80250,167190,42066,41457
1711393406,UP,64,60,1026273,394500,143474,222766,11048,33581
1711393407,UP,44,47,477488,953606,248509,60837,54891,23915
1711393408,UP,44,47,1338498,359972,448944,157806,52360,43915
1711393409,UP,44,47,335177,89580,104743,27548,26148,7141
1711393410,UP,44,47,743792,974646,105069,198702,49693,51186
1711393411,UP,44,47,381604,104587,4093,30470,18222,25543
1711393412,UP,44,47,767613,793208,264844,204795,28755,63973
1711393413,UP,44,47,113211,90626,46039,5628,7119,7015
1711393414,UP,44,47,197591,191513,116887,38097,30733,7576
1711393415,UP,34,56,605098,415908,131338,113249,106348,34544
1711393416,UP,34,56,1091235,203563,243405,174097,141225,31562
1711393417,UP,38,37,605908,566062,50434,84945,98238,74916
1711393418,UP,38,37,769646,65970,20275,43445,17021,10623
1711393419,UP,29,30,860164,873155,151470,137646,99928,33155
1711393420,UP,29,30,1753624,550303,45363,44929,87533,29673
1711393421,UP,29,30,396978,108223,44010,16338,19681,14917
1711393422,UP,29,30,834489,44011,4273,13785,19367,15141
1711393423,DOWN,29,30,281919,142350,21258,18993,14504,13039
1711393424,DOWN,27,27,281783,1048266,61819,197235,49789,22411
1711393425,Calibration,27,27,156668,108614,30278,33819,4915,9453
1711393427,Calibration,27,27,249850,140096,25066,35339,4967,7044
1711393427,Calibration,27,27,638464,218133,12253,31757,23578,9568
1711393672,Calibration,44,57,76065,122912,68411,20604,8860,5330
1711393673,Calibration,38,67,467410,581415,392781,110383,62352,23039
1711393674,Calibration,30,84,1345356,664605,1487351,792083,404957,84747
1711393675,Segundito,29,87,471758,340452,231321,97047,81921,29526
1711393676,Segundito,43,88,892927,282509,151991,85060,36465,46297
1711393677,Segundito,53,84,702071,379007,40222,192080,39388,29296
1711393678,Segundito,53,63,145241,655170,55936,97176,119072,22552
1711393679,Segundito,48,61,1944985,1350672,411801,659652,306327,77418
1711393680,Segundito,43,50,425948,736502,79265,65973,35948,45964
1711393681,Segundito,43,50,249366,129167,41581,12711,9338,4557
1711393682,Segundito,41,41,826727,1871960,220750,408005,441362,109741
1711393683,Segundito,53,51,216746,271805,90202,74497,31193,33751
1711393684,Segundito,53,51,1487270,504758,215615,72744,105240,25580
1711393685,Segundito,60,44,547973,462872,113591,86130,34013,40331
1711393686,Segundito,53,51,323392,461182,49301,156350,81234,21572
1711393687,Segundito,53,51,189166,114833,34084,40056,11155,3171
1711393688,Segundito,53,51,544857,49754,36738,22155,8224,14124
1711393689,Segundito,61,64,1432349,145941,89464,163652,48691,36154
1711393690,Segundito,51,61,975617,574971,43257,153780,16621,22697
1711393691,Segundito,38,63,705108,624849,39989,277761,54302,18103
1711393692,Segundito,40,60,1370329,516987,102644,47660,106311,24505
1711393693,Segundito,40,60,242673,176105,16201,13371,15117,4057
1711393694,Segundito,40,60,807704,97950,78185,18167,9246,4346
1711393695,Segundito,40,60,1001641,815640,326584,32119,46112,54606
1711393696,Segundito,40,60,730943,1280773,95859,57770,26442,23689
1711393697,Segundito,40,60,312349,181298,22599,75383,17505,22127
1711393698,Segundito,40,60,474941,79261,43467,18166,7669,4476
1711393699,Segundito,27,56,1218315,276066,89633,131407,60155,15861
1711393700,Segundito,27,56,142186,144550,44438,4646,25865,5877
1711393701,Segundito,27,56,139221,148154,13798,29719,20527,7203
1711393702,Segundito,29,50,364226,909229,80117,79497,29914,42454
1711393703,Segundito,29,50,1837616,273667,86917,53877,19936,28116
1711393704,Segundito,29,50,233059,108089,44604,5024,7633,9045
1711393705,Segundito,41,53,167271,73396,48690,7627,8066,6468
1711393706,Segundito,41,53,442235,140504,23467,10986,8378,8738
1711393707,Segundito,51,60,104258,48618,14915,26734,13523,8000
1711393708,Segundito,63,67,1412592,124776,307662,14728,56777,42861
1711393709,Segundito,70,77,757100,460493,77864,163536,59383,51346
1711393710,Segundito,66,81,1060310,169882,195561,93893,56874,14580
1711393711,Segundito,63,81,1069231,281272,193357,64491,131565,34820
1711393712,Segundito,60,75,1014463,1097799,358485,666296,195216,195467
1711393713,Segundito,60,75,480024,339482,776826,90023,96291,47997
1711393714,Segundito,53,74,445213,461349,113433,56744,36577,23930
1711393715,Segundito,64,67,932170,579965,135831,428480,225271,106393
1711393716,Segundito,63,75,1110697,221938,148027,222355,46953,31170
1711393717,Segundito,48,77,672424,337637,197399,170084,93272,13563
1711393718,Segundito,54,75,1511686,2135001,161770,495029,116323,194909
1711393719,Segundito,50,77,854871,241761,68775,177353,80376,29272
1711393720,Segundito,50,77,908743,472896,331431,79966,67196,38480
1711393721,Segundito,47,63,995068,2132228,504930,194739,207624,97712
1711393722,Segundito,60,56,3631421,994600,496464,139962,258976,108669
1711393723,Segundito,61,67,911507,203662,130868,123941,29906,39061
1711393724,Segundito,61,67,38599,124163,10353,11761,38776,16302
1711393725,Segundito,61,67,233738,69023,96434,21234,8522,13772
1711393726,Segundito,61,67,498884,389597,158206,95031,24698,65271
1711393727,Segundito,61,56,627734,561731,80510,56961,83221,43097
1711393728,Segundito,78,57,2335344,1010364,149559,469297,433994,238257
1711393729,Segundito,78,57,1638868,558453,45014,272277,47655,28464
1711393730,Segundito,75,67,184666,65099,36644,69810,12970,8206
1711393731,Segundito,75,67,1316370,417157,372667,120365,14634,38655
1711393732,Segundito,67,54,294680,1794100,63549,423752,160921,100148
1711393733,Segundito,67,54,169946,38160,27096,24132,7676,5761
1711393734,Segundito,53,57,521895,879256,70279,225973,79489,19503
1711393735,Segundito,43,66,1934277,1512302,1031866,413207,84760,172833
1711393736,Segundito,43,66,1555871,692464,135309,91551,25205,27882
1711393737,Segundito,37,56,123660,161127,37846,33629,7193,7335
1711393738,Segundito,37,56,566623,606220,134252,59831,193671,32453
1711393739,Segundito,44,61,1528085,906590,727400,221092,348057,79923
1711393740,Segundito,44,61,222588,77014,26339,28310,20746,5333
1711393741,Segundito,48,53,610394,424208,94987,72534,31629,51323
1711393742,Segundito,48,53,142469,110871,44833,11993,17489,6875
1711393743,Segundito,60,61,18728,335675,340752,128640,15549,62343
1711393744,Segundito,63,66,823618,444505,129429,92179,58930,39639
1711393745,Segundito,56,61,960919,909723,157832,242394,7663,27759
1711393746,Segundito,38,57,265647,607120,65655,96545,32126,10692
1711393747,Segundito,30,48,404868,676448,71888,219101,49157,41229
1711393748,Segundito,35,60,648313,172939,275114,70469,39992,38442
1711393749,Segundito,44,66,696652,326965,237937,75402,52613,33297
1711393750,Calibration,54,80,85214,64170,41223,35837,18398,4709
1711393751,Calibration,56,78,2114714,297588,76454,59032,86370,25242
1711393752,Calibration,47,54,269003,562968,42954,25040,63225,20323
1711393753,Calibration,43,51,305913,89082,19884,35544,9778,5244
1711393754,Calibration,43,51,2737991,431019,194991,38596,57603,37278
1711396364,Meditation,67,50,1508133,57705,20084,2183,10664,4083
1711396365,Meditation,87,50,885355,53981,17742,28501,16297,12693
1711396366,Meditation,97,47,1633040,113354,20075,32997,31127,18654
1711396367,Meditation,97,47,1565325,112078,118350,38500,26297,20364
1711396368,Meditation,100,44,649093,108548,29264,29141,19535,12265
1711396369,Meditation,100,64,1405844,15328,75945,27960,26304,17422
1711396370,Meditation,100,64,427022,39642,7588,5328,8025,3117
1711396373,Meditation,100,74,558098,150281,139404,59288,7024,31445
1711396374,Meditation,97,77,959645,92429,15782,32398,21825,4984
1711396375,Meditation,100,78,743758,72987,41521,6591,10023,12934
1711396376,Meditation,96,64,829532,14657,4095,5124,1881,1886
1711396377,Meditation,94,53,704345,78331,27560,22002,22479,11443
1711396378,Meditation,100,54,1692707,112654,28336,33461,20660,17540
1711396379,Meditation,100,54,1702882,48271,46643,33868,31648,21406
1711396380,Meditation,100,56,2178816,49762,19069,34766,32998,8767
1711396381,Meditation,100,56,454204,26273,402,9177,5619,3540
1711396382,Meditation,100,63,1447961,48818,26024,40358,24008,9489
1711396383,Meditation,100,63,1740688,130420,22179,32965,40815,13194
1711396384,Meditation,100,69,837118,21869,9603,46162,27001,15169
1711396385,Meditation,100,67,1796641,126836,29511,29842,10633,13463
1711396386,Meditation,100,67,875065,22237,7002,7861,3213,2248
1711396387,Meditation,100,67,476963,17815,27474,15318,7379,3479
1711396387,Meditation,100,67,788549,14344,17436,5866,5616,2620
1711396388,Meditation,100,67,661170,249508,9092,89707,32761,18164
1711396389,Meditation,100,67,715448,27401,621,3269,5363,2610
1711396390,Meditation,100,67,3309347,25553,12650,22659,40578,15106
1711396391,Meditation,100,67,566874,12551,5682,12932,6586,4043
1711396392,Meditation,100,67,1356189,57360,34104,53700,32129,16257
1711396393,Meditation,100,67,666165,19736,753,14051,3467,3156
1711396394,Meditation,100,67,2004062,295630,29192,18491,8614,7560
1711396395,Meditation,100,67,1087605,27659,45049,47517,35628,19029
1711396396,Meditation,100,67,1735507,66058,46563,23377,15342,14522
1711396397,Meditation,100,67,1451858,17155,25923,20674,22321,8926
1711396398,Meditation,100,67,934959,58969,30545,37875,20726,12867
1711396399,Meditation,100,67,1591291,110768,31677,13612,8146,7972
1711396400,Meditation,100,67,698981,11320,5862,12217,3918,3497
1711396401,Meditation,100,67,618564,68000,54200,31926,21034,14215
1711396402,Meditation,100,67,1553262,43508,20419,26481,23478,16672
1711396403,Meditation,100,67,2148135,98184,158413,199668,60590,61050
1711396404,Meditation,100,67,1706120,15382,30506,21979,11276,8811
1711396405,Meditation,100,67,1198590,29058,22026,57059,18248,16015
1711396406,Meditation,100,67,1405154,66939,15923,35058,25294,15231
1711396407,Meditation,100,67,1641957,76540,40745,19521,16504,9281
1711396408,Meditation,0,0,647818,50995,36244,28276,8000,15209
1711396409,Meditation,0,0,1602610,23860,27980,47441,11237,11865
1711396410,Meditation,0,0,766276,25244,20925,36886,21767,11638
1711396411,Meditation,0,0,1671840,73518,255312,189667,127715,49745
1711396412,Meditation,0,0,1240698,33365,20251,31510,19494,11373
1711396413,Meditation,0,0,750887,65118,11612,23944,12216,11912
1711396414,Meditation,0,0,835827,89845,30427,18659,14325,9653
1711396415,Meditation,0,0,964840,83437,44360,39347,15046,10047
1711396416,Meditation,0,0,1839123,133174,69055,112330,134879,70114
1711396417,Meditation,0,0,952521,17667,42823,31639,14995,12220
1711396418,Meditation,0,0,969653,81524,18519,41771,25140,15231
1711396419,Meditation,0,0,669892,13266,9246,9359,3065,2566
1711396420,Meditation,0,0,450383,9336,6032,20253,5783,4160
1711396421,Meditation,0,0,1555815,67341,68101,16336,26138,6501
1711396422,Calibration,0,0,1598166,61861,37922,54555,27985,8997
1711396423,Calibration,0,0,609308,184407,9007,82025,18981,8131
1711396507,Calibration,34,61,898745,158365,23769,25095,6608,5041
1711396508,Calibration,23,53,1375756,865013,181390,71959,27841,21908
1711396509,Calibration,23,41,1031540,268499,65916,9898,16409,7838
1711396510,Calibration,26,43,1412547,58629,35680,23034,7173,4690
1711396511,Calibration,29,38,553049,431515,27962,40231,11343,17689
1711396512,Calibration,40,47,91674,24721,12147,10183,1352,1869
1711396513,Calibration,44,51,391645,130723,58350,8451,6132,6927
1711396514,Memory1,40,44,131954,27811,8015,2303,482,1065
1711396515,Memory1,35,51,648506,167691,46298,7437,1472,5222
1711396516,Memory1,26,37,86519,34301,1393,3729,2193,814
1711396517,Memory1,23,38,307590,375500,121205,118299,34201,15975
1711396518,Memory1,29,35,1078119,578522,66261,87696,17087,33561
1711396519,Memory1,40,40,1013688,755982,444819,80828,46389,66330
1711396520,Memory1,44,48,917175,118377,17259,25464,4200,4581
1711396521,Memory1,35,38,80906,40734,3743,4077,1228,557
1711396522,Memory1,30,50,295789,69234,47772,17664,3646,5574
1711396523,Memory1,24,47,554411,379612,73881,121524,24637,17758
1711396524,Memory1,29,50,100216,30660,13765,5644,1364,2111
1711396525,Memory1,48,63,137116,28321,23979,2463,5119,2924
1711396526,Memory1,41,44,186308,225734,15069,12686,2535,5956
1711396527,Memory1,43,47,42862,17653,6338,5025,1120,1058
1711396528,Memory1,37,48,47429,20781,7079,6224,516,943
1711396529,Memory1,26,47,681947,295730,140951,58790,45193,11440
1711396530,Memory1,30,54,30935,28835,10369,397,1297,1282
1711396531,Memory1,26,54,1606887,187335,35393,75962,16125,7615
1711396532,Memory1,21,53,74766,25719,8696,5596,750,737
1711396533,Memory1,35,57,940977,53845,74963,4821,5566,8895
1711396534,Memory1,37,67,1004153,386488,398322,12287,72731,30342
1711396535,Memory1,38,61,573222,42280,8297,4378,2725,1584
1711396536,Memory1,41,60,408370,140667,35369,33003,17581,5032
1711396537,Memory1,30,35,785235,205367,9060,5488,13312,5820
1711396538,Memory1,38,34,1582752,42455,36423,15892,13833,6225
1711396539,Memory1,48,38,620091,428712,154507,54818,18908,40807
1711396540,Memory1,43,44,800223,58093,31005,33029,4691,1834
1711396541,Memory1,41,63,732751,49079,17856,10719,7180,1829
1711396542,Memory1,41,60,1042458,220691,105468,46977,34345,23302
1711396543,Memory1,41,56,373583,59282,12866,8065,4421,5289
1711396544,Memory1,54,48,1115406,85146,18387,20365,9589,5310
1711396545,Memory1,81,57,2950889,67620,54657,146984,36341,57787
1711396546,Memory1,81,56,875751,45034,9864,17850,10048,4196
1711396547,Memory1,54,50,1876915,920761,143354,13607,27058,9430
1711396548,Memory1,51,57,1493054,216887,176948,41350,11808,13987
1711396549,Memory1,20,41,1551030,692390,77610,67528,14151,13468
1711396550,Memory1,3,40,787739,168218,42854,20818,1809,3829
1711396551,Memory1,8,40,51085,50493,6963,2100,2116,799
1711396552,Memory1,17,41,429549,31279,25040,16496,3209,4918
1711396553,Memory1,23,53,684983,55196,18057,36714,14953,2926
1711396554,Memory1,20,48,410714,219534,14276,42424,9188,3657
1711396555,Memory1,21,54,764295,724420,228102,15476,34236,13632
1711396556,Memory1,4,48,357731,121756,67879,13779,8352,3378
1711396557,Memory1,1,47,307919,113341,68270,21242,8770,2080
1711396558,Memory1,4,51,294997,23332,5707,3180,2084,979
1711396559,Memory1,14,47,319697,451042,40399,62315,51327,18022
1711396560,Memory1,16,26,38458,57053,2623,1392,589,1024
1711396561,Memory1,20,24,1540701,557813,129756,176275,15181,13454
1711396562,Memory1,16,16,172028,35998,4038,1866,1601,1008
1711396563,Memory1,26,37,1245609,148338,296073,31037,7318,31398
1711396564,Memory1,37,57,842858,1412668,494482,534002,95459,101966
1711396565,Memory1,51,51,1572144,344470,96965,9923,28075,21349
1711396566,Memory1,48,60,681220,190074,28718,46378,11504,5919
1711396567,Memory1,50,30,699794,97185,4291,3553,4034,7316
1711396568,Memory1,48,24,983363,116723,975,43024,13984,5814
1711396569,Memory1,41,26,57854,125353,20518,28744,9536,5104
1711396570,Memory1,44,35,495693,40846,31114,9073,5226,1941
1711396571,Memory1,44,60,1387664,178262,235090,78925,35383,38559
1711396572,Memory1,60,67,186039,12148,3011,9514,1078,2925
1711396573,Memory1,70,66,2205810,292238,29139,76664,57587,30193
1711396574,Memory1,81,56,224372,118620,19422,25460,4500,9011
1711396575,Memory1,63,51,163921,95263,64445,9645,8361,3125
1711396576,Memory1,43,53,184696,148328,116583,16899,9012,6433
1711396577,Calibration,30,50,101120,32292,6012,1539,4576,1119
1711396578,Calibration,24,54,1158272,277705,101840,71778,7189,14463
1711396579,Calibration,27,54,1076407,341210,189212,50803,25698,15190
1711396580,Calibration,41,56,2822004,166447,159215,62456,12054,23042
1711396629,Calibration,10,16,298708,196281,3776,8067,4675,5123
1711396630,Calibration,1,1,667580,200130,3590,11602,1424,3173
1711396631,Calibration,3,1,813383,108856,5115,6554,6502,2005
1711396632,Calibration,4,1,2415975,398672,128406,25594,3480,7851
1711396633,Calibration,1,17,1210574,21768,8055,797,1043,589
1711396634,Calibration,10,47,1677645,74253,131184,26437,15260,6420
1711396635,Calibration,8,56,862626,317036,75245,25759,8138,6615
1711396636,Memory2,23,60,177714,26528,15821,2407,4090,1854
1711396637,Memory2,24,60,91739,12620,4216,1256,557,424
1711396638,Memory2,29,41,808391,33696,4394,5709,1817,1654
1711396639,Memory2,37,34,2071812,223386,6989,18030,8835,7124
1711396640,Memory2,27,40,485848,38338,41915,4595,3644,1985
1711396641,Memory2,27,23,1874736,573902,33323,11508,6887,14660
1711396642,Memory2,23,21,145757,80017,14951,4255,2151,2386
1711396643,Memory2,16,38,1846175,224519,105415,28010,5887,5550
1711396644,Memory2,21,35,898562,34834,20867,11838,4418,2557
1711396645,Memory2,30,47,1353582,94244,17929,6680,12312,6838
1711396646,Memory2,20,41,788036,410878,49551,8219,5243,4428
1711396647,Memory2,20,41,1733430,53603,21402,2414,1923,1281
1711396648,Memory2,27,40,1089889,188081,65105,48374,28002,9452
1711396649,Memory2,30,29,482113,338834,77979,28436,27702,17707
1711396650,Memory2,20,34,773762,61960,14590,6154,3392,2037
1711396651,Memory2,26,43,1127456,32635,3859,11483,1152,731
1711396652,Memory2,21,35,720960,209563,22571,22136,7392,5413
1711396653,Memory2,10,47,2507196,162829,142670,37992,22488,5926
1711396654,Memory2,1,38,100818,20212,1581,1149,492,317
1711396655,Memory2,1,26,33426,70800,5807,2076,639,855
1711396656,Memory2,1,29,2167417,315337,59300,23176,7150,4996
1711396657,Memory2,1,10,74130,165749,11447,9011,4557,2882
1711396658,Memory2,1,21,51808,9290,4184,1259,776,370
1711396659,Memory2,16,29,1103951,34884,4190,6820,3267,2020
1711396660,Memory2,26,35,2519913,317740,105644,26315,9585,12968
1711396661,Memory2,41,38,758022,508890,39671,59897,21356,30916
1711396662,Memory2,38,23,683169,712020,65388,14762,19505,15005
1711396663,Memory2,34,20,3006615,567481,24473,82039,26135,18639
1711396664,Memory2,30,4,436081,710055,14657,49164,28981,18520
1711396665,Memory2,21,10,194764,36540,9100,2629,1530,973
1711396666,Memory2,17,26,287728,77597,32066,24051,3747,2156
1711396667,Memory2,16,35,770101,329203,158392,14367,30991,13158
1711396668,Memory2,11,47,289672,36100,4471,7562,1100,787
1711396669,Memory2,8,53,1470000,406132,182225,71793,8062,11793
1711396670,Memory2,24,48,1899793,178304,23749,61709,21187,17568
1711396671,Memory2,24,48,149974,74129,19463,12130,1198,2495
1711396672,Memory2,41,61,176704,4969,4883,3690,894,799
1711396673,Memory2,48,57,535726,63817,22820,5392,4061,2824
1711396674,Memory2,40,60,435351,63022,27342,7524,3114,2917
1711396675,Memory2,27,47,376719,58227,4961,760,1296,583
1711396676,Memory2,3,23,1915141,594021,24158,44267,20797,4947
1711396677,Memory2,1,23,59058,19752,1820,5389,1654,694
1711396678,Memory2,7,13,1220485,120336,10463,15761,6845,6203
1711396679,Memory2,21,16,1710462,619560,31080,51575,25871,20583
1711396680,Memory2,40,10,228130,11607,223,492,982,382
1711396681,Memory2,30,7,402266,568738,118696,23941,9803,8335
1711396682,Memory2,16,1,1341417,781715,12972,41990,9588,10457
1711396683,Memory2,17,7,519456,83834,27488,5114,4248,3902
1711396684,Memory2,1,13,529180,292417,19961,11858,1447,2212
1711396685,Memory2,7,13,1287048,548472,59835,72560,2702,14788
1711396686,Memory2,14,26,368795,73669,13985,8996,2172,2125
1711396687,Memory2,24,23,656107,18267,4312,1411,1221,1708
1711396688,Memory2,38,37,409360,60099,19035,9924,1703,1696
1711396689,Memory2,35,44,75234,22010,7687,5208,1568,582
1711396690,Memory2,27,30,2231325,302852,9412,14996,9777,4953
1711396691,Memory2,13,38,802556,38328,13592,9228,4663,1373
1711396692,Memory2,24,37,938955,60463,23243,7275,4753,4308
1711396693,Memory2,27,26,326293,87692,10580,4033,1492,2283
1711396694,Memory2,24,35,421253,143204,20514,11731,8223,2002
1711396695,Memory2,34,38,66442,9031,5451,2140,695,786
1711396696,Memory2,30,40,307635,75433,33285,3804,1853,4406
1711396697,Calibration,30,54,2452877,78582,56808,9835,5454,3468
1711396698,Calibration,40,53,641826,86048,12982,3466,2328,2335
1711396699,Calibration,37,47,530286,64529,16919,5534,965,2615
1711396700,Calibration,14,50,1636958,206604,132155,63441,26929,2928
1711396828,Calibration,17,40,534017,145877,41713,4037,5353,3846
1711396829,Calibration,37,50,1056369,53944,11273,4923,6339,4024
1711396830,Calibration,47,48,2015882,47720,10401,7374,1273,3733
1711396831,Calibration,51,57,1966129,45809,103410,12579,5018,5283
1711396832,Calibration,53,66,2161054,391784,81423,169243,18963,15122
1711396833,Calibration,34,66,1079022,596853,32584,125831,7046,8305
1711396834,Calibration,16,64,1126875,348781,76545,32412,21524,7031
1711396835,Calibration,8,29,555874,136395,5671,2721,5646,2750
1711396836,Calibration,4,23,2028829,618176,168628,35416,10776,14527
1711396837,Calibration,17,24,625059,62600,6927,14745,3723,2951
1711396838,Calibration,35,30,251237,50402,22258,14216,2256,5106
1711396839,Calibration,44,60,527695,33524,19996,25151,5933,3124
1711396840,Calibration,60,60,1983566,40765,6869,9680,9480,3539
1711396841,Calibration,56,47,183234,21194,717,1046,558,514
1711396842,Calibration,37,38,299557,149273,27340,6538,2777,2477
1711396843,UP,38,37,2338725,29186,13262,19849,8670,2866
1711396844,UP,27,34,1882268,155536,23656,14889,12510,5546
1711396845,UP,27,30,732932,70650,1658,3646,3791,1705
1711396846,UP,34,16,631278,67936,2094,1460,1564,1498
1711396847,UP,30,1,739974,213997,17490,23265,5700,10189
1711396848,UP,24,1,1051986,69091,5678,10436,420,1546
1711396849,UP,11,1,686829,690328,40380,15647,5820,2850
1711396850,UP,1,11,540510,113996,10770,7378,1397,772
1711396851,UP,7,8,1774771,310165,24595,13486,13092,15624
1711396852,UP,14,11,1582511,163766,35540,15642,6617,6124
1711396853,UP,38,23,1837335,283542,60616,36683,18610,13260
1711396854,UP,56,26,1639671,156950,21877,10071,4896,6193
1711396854,UP,50,20,160955,25546,500,1099,1531,660
1711396855,UP,50,4,361172,56470,1040,2657,2285,1581
1711396856,UP,50,1,688957,370740,7663,14395,10034,14323
1711396857,UP,53,1,2521956,417312,3405,31986,21806,19732
1711396858,UP,43,1,151995,73753,17400,1912,918,935
1711396859,UP,40,1,67615,13649,710,648,410,257
1711396860,UP,37,20,609696,214576,62703,65007,10510,8929
1711396861,UP,34,41,1074922,34348,21026,8799,7899,2247
1711396862,DOWN,44,43,115768,8880,2099,1199,151,333
1711396863,DOWN,43,60,214072,49827,25799,2442,607,1253
1711396864,DOWN,50,70,758333,15658,25420,7136,1655,2538
1711396865,DOWN,44,56,2075981,364625,44065,10137,18379,7614
1711396866,DOWN,27,41,679064,538327,28523,11795,2459,3475
1711396867,DOWN,35,40,145516,27300,11840,1885,1892,1339
1711396868,DOWN,27,11,701760,78576,5525,2022,4239,2215
1711396869,DOWN,21,11,352923,103121,7340,8288,1233,1209
1711396870,UP,40,16,2778754,673089,63035,13135,8454,27822
1711396871,UP,40,13,1524384,152757,40911,16080,22127,5725
1711396872,UP,35,16,392314,326990,22953,22780,4046,6218
1711396873,UP,51,27,1250804,35045,12555,8782,2115,2894
1711396874,UP,51,41,1008453,30838,3578,10774,2539,1770
1711396875,UP,50,35,97100,60661,7254,3184,997,1669
1711396876,UP,41,41,1658234,780423,116567,97027,6759,7819
1711396877,UP,34,35,771114,128562,28552,11822,7039,3898
1711396878,UP,24,34,303831,37420,9958,2476,1624,782
1711396879,UP,26,43,1002897,194095,88270,11438,4456,8151
1711396880,UP,34,35,267569,55658,3549,3466,2054,948
1711396881,UP,26,50,957445,106710,133220,17584,11502,3354
1711396882,UP,21,56,231792,207682,110464,13924,2584,3444
1711396883,UP,21,38,2206315,481723,7960,30616,5987,14499
1711396884,UP,20,57,587345,26713,16123,9615,1309,580
1711396885,UP,16,43,743734,300275,70944,14344,10951,3503
1711396886,DOWN,17,30,1080292,99902,14680,2461,1465,1397
1711396887,DOWN,1,51,1448010,228310,155349,2961,2084,1545
1711396888,DOWN,8,50,1186945,112441,53253,37046,11160,6164
1711396889,DOWN,21,50,1798159,241092,65347,11183,7292,10863
1711396890,Calibration,35,50,127994,62895,4440,8796,2679,3064
1711396891,Calibration,47,34,1235055,109819,5306,7957,2930,1900
1711396892,Calibration,43,21,960105,201602,27700,15010,6989,5689
1711396976,Calibration,54,63,88569,50650,84269,41211,13137,14681
1711396977,Segundito,80,53,177507,13141,766,148,1131,2105
1711396978,Segundito,97,60,68847,22020,14939,13329,5846,8592
1711396979,Segundito,100,53,124357,41307,8661,12507,12518,3237
1711396980,Segundito,100,47,13754,14340,8329,7397,3698,5979
1711396981,Segundito,100,67,48835,7814,2516,4785,1871,1103
1711396982,Segundito,100,63,103291,30440,5771,13580,4479,8768
1711396983,Segundito,100,66,1277558,240154,108561,79524,71070,23725
1711396984,Segundito,97,69,69538,20159,8498,19284,4772,5586
1711396985,Segundito,94,60,100354,68286,12468,4317,3954,4539
1711396986,Segundito,90,56,1204740,55863,6894,20513,13614,8678
1711396987,Segundito,93,53,784979,132668,41019,24151,33013,15464
1711396988,Segundito,93,48,3471112,469952,189303,121517,66655,89298
1711396989,Segundito,94,63,1166677,36276,86905,16562,38538,9082
1711396990,Segundito,96,51,2848038,487316,33402,24009,59050,70518
1711396991,Segundito,100,50,1026299,83938,18700,22061,25979,15424
1711396992,Segundito,100,54,1334874,44166,76406,28778,39343,23813
1711396993,Segundito,100,41,837929,81628,12171,11917,5202,4685
1711396994,Segundito,100,47,1286571,70093,8944,13150,27352,10468
1711396995,Segundito,97,56,951360,53050,63701,18059,18490,10463
1711396996,Segundito,94,53,984735,107952,52159,41776,26610,24035
1711396997,Segundito,100,63,1149138,39361,24257,47041,41151,25655
1711396998,Segundito,100,74,666486,114992,46955,55010,32181,23708
1711396999,Segundito,100,66,93255,22594,4376,14698,11351,6117
1711397000,Segundito,100,60,628311,36640,4962,7780,7487,3689
1711397001,Segundito,96,61,1132572,144218,67499,66620,18375,20504
1711397002,Segundito,100,56,1193453,59228,22568,18653,36029,18519
1711397003,Segundito,100,63,1043960,55384,37682,74753,33884,23819
1711397004,Segundito,100,70,865456,17108,6927,18552,7863,6707
1711397005,Segundito,100,64,492089,102067,7636,46173,29984,24424
1711397006,Segundito,100,69,952796,25240,21295,30191,40721,17344
1711397007,Segundito,100,64,248258,63583,28604,47577,52696,28994
1711397008,Segundito,100,60,281746,101935,37286,47369,59089,33747
1711397009,Segundito,100,69,935606,49976,88572,30816,40978,23099
1711397010,Segundito,100,66,769782,100841,46090,14225,30917,14982
1711397011,Segundito,100,70,135115,36842,61390,48934,44526,27211
1711397012,Segundito,100,77,257404,20154,16729,10667,9732,9603
1711397013,Segundito,100,70,1223848,89686,55421,52101,37855,24742
1711397014,Segundito,100,69,493870,96875,26176,26016,48748,21407
1711397015,Segundito,100,64,392434,60989,28386,54929,57056,23349
1711397016,Segundito,100,57,588438,97251,35579,24202,56792,25049
1711397017,Segundito,100,57,682117,7411,9026,6122,6857,6502
1711397018,Segundito,100,69,485561,38815,71205,38947,40139,28655
1711397019,Segundito,100,69,242012,93934,49865,87301,55832,52941
1711397020,Segundito,100,75,401210,101373,45271,71411,44376,36014
1711397021,Segundito,100,80,1084098,32520,48167,80690,50887,24200
1711397022,Segundito,100,69,109701,22320,4992,8808,7604,6396
1711397023,Segundito,100,75,363795,48172,70585,100199,51202,35230
1711397024,Segundito,100,77,746351,82392,81814,58162,74243,39415
1711397025,Segundito,100,69,586264,101462,37212,70481,43611,33985
1711397026,Segundito,100,75,330105,65766,35574,32582,23957,18713
1711397027,Segundito,100,67,1548977,316719,157967,113772,147966,66591
1711397028,Segundito,100,60,222893,340713,92845,103964,172209,77841
1711397029,Segundito,100,64,207036,33806,44691,43245,26683,16274
1711397030,Segundito,100,67,415031,44724,36823,31424,19924,14683
1711397031,Segundito,100,75,81680,50839,59583,44002,34762,21401
1711397032,Segundito,100,84,162057,35830,35423,48916,36447,21976
1711397033,Segundito,100,77,1368913,141766,31845,54901,15357,20524
1711397035,Segundito,87,70,670887,84052,127496,144758,142401,124398
1711397036,Segundito,67,61,55226,48929,15401,2865,3985,2316
1711397037,Segundito,54,35,500445,37050,231,2392,594,2163
1711397038,Segundito,40,24,279315,49898,5134,4847,1696,1872
1711397039,Segundito,60,26,30646,1907,395,6050,4045,2011
1711397041,Segundito,63,50,1602728,185436,50736,103320,55093,43424
1711397042,Segundito,70,61,69477,48740,27891,9723,13907,4773
1711397043,Segundito,66,57,165830,39082,25125,16291,13784,12945
1711397044,Segundito,81,48,353306,80797,11324,1776,2221,6309
1711397045,Segundito,67,47,85632,9317,4319,1660,1742,656
1711397046,Segundito,78,29,95644,19872,676,1612,2401,2749
1711397047,Segundito,54,17,69808,77535,4492,11833,5968,2194
1711397048,Segundito,44,35,209690,52001,42565,6587,3960,2933
1711397049,Segundito,51,35,1831711,39054,10947,9648,3317,4278
1711397050,Segundito,34,43,747878,117685,17035,10283,2806,3944
1711397051,Segundito,43,29,1946680,286424,11498,3246,10793,16386
1711397052,Segundito,43,23,2514124,57763,15297,13521,5751,2116
1711397053,Segundito,27,1,2303844,403589,4959,19418,20640,9791
1711397054,Segundito,35,4,77732,22768,5286,2526,2442,1655
1711397055,Segundito,34,14,1013600,168539,7136,15399,5059,8196
1711397056,Segundito,41,13,132054,30564,8651,4436,4045,2242
1711397057,Calibration,37,26,945496,218095,45583,4301,13389,4497
1711397058,Calibration,40,21,2082691,115306,11980,14762,10920,9861
1711397059,Calibration,40,40,241389,21962,18026,5940,3893,2102
1711397060,Calibration,37,41,230458,43582,19501,1235,6488,2558
1711397061,Calibration,40,48,898004,269054,89659,32713,7312,7555
